Facility Name,Resource Category,Technology Type,Installed Capacity (MW),Dependable Capacity (MW),Location,Longitude,Latitude,Region,Island,Operator,Owner,Owner Type
ANDA,COAL,Circulating Fluidized Bed (CFB) Coal,83.7,72.0,"TECO Industrial Park, Bo. Bundagul, Mabalacat, Pampanga",120.61055,15.23525,3,LUZON,Anda Power Corporation,Anda Power Corporation,NON-NPC/IPP
APEC,COAL,Circulating Fluidized Bed (CFB) Coal Co-Generation (Supply Steam and Electricity),52.0,40.0,"Teco- Special Economic Zone, Brgy. Mabalacat, Pampanga",120.61057,15.23534,3,LUZON,Asia Pacific Energy Corporation,Asia Pacific Energy Corporation,NON-NPC/IPP
CALACA U1,COAL,Pulverized Sub Critical Coal,300.0,240.0,"Barangay San Rafael, Calaca, Batangas",120.78965,13.93213,4-A,LUZON,SEM-Calaca Power Corporation (SCPC),SEM-Calaca Power Corporation (SCPC),NON-NPC/IPP
CALACA U2,COAL,Pulverized Sub Critical Coal,300.0,180.0,"Barangay San Rafael, Calaca, Batangas",120.78965,13.93213,4-A,LUZON,SEM-Calaca Power Corporation (SCPC),SEM-Calaca Power Corporation (SCPC),NON-NPC/IPP
DINGININ U1,COAL,Super Critical Coal,725.0,668.0,"Sitio Dinginin, Barangay Alasasin, Mariveles, Bataan",120.52904,14.44898,3,LUZON,GNPower Dinginin Ltd. Co.,GNPower Dinginin Ltd. Co.,NON-NPC/IPP
DINGININ U2,COAL,Super Critical Coal,725.0,668.0,"Sitio Dinginin, Barangay Alasasin, Mariveles, Bataan",120.52904,14.44898,3,LUZON,GNPower Dinginin Ltd. Co.,GNPower Dinginin Ltd. Co.,NON-NPC/IPP
MARIVELES U1,COAL,Pulverized Sub Critical Coal,325.8,316.0,"Barangay Alasasin, Mariveles, Bataan",120.53717,14.4246,3,LUZON,GNPower Mariveles Energy Center Ltd.Co,GNPower Mariveles Energy Center Ltd.Co,NON-NPC/IPP
MARIVELES U2,COAL,Pulverized Sub Critical Coal,325.8,316.0,"Barangay Alasasin, Mariveles, Bataan",120.53717,14.4246,3,LUZON,GNPower Mariveles Energy Center Ltd.Co,GNPower Mariveles Energy Center Ltd.Co,NON-NPC/IPP
MASINLOC U1,COAL,Pulverized Sub Critical Coal,330.1,315.0,"Barangay Bani, Masinloc, Zambales",119.92375,15.56687,3,LUZON,Masinloc Power Partners Co. Ltd. (MPPCL),Masinloc Power Partners Co. Ltd. (MPPCL),NON-NPC/IPP
MASINLOC U2,COAL,Pulverized Sub Critical Coal,344.0,344.0,"Barangay Bani, Masinloc, Zambales",119.92375,15.56687,3,LUZON,Masinloc Power Partners Co. Ltd. (MPPCL),Masinloc Power Partners Co. Ltd. (MPPCL),NON-NPC/IPP
MASINLOC U3,COAL,Super Critical Coal,351.8,335.0,"Barangay Bani, Masinloc, Zambales",119.92375,15.56687,3,LUZON,Masinloc Power Partners Co. Ltd. (MPPCL),Masinloc Power Partners Co. Ltd. (MPPCL),NON-NPC/IPP
PAGBILAO U1,COAL,Pulverized Sub Critical Coal,382.0,382.0,"Barangay Ibabang Polo, Pagbilao, Quezon",121.74529,13.89312,4-A,LUZON,TeaM Pagbilao Corporation,Therma Luzon Inc. (TLI),NON-NPC/IPP
PAGBILAO U2,COAL,Pulverized Sub Critical Coal,382.0,382.0,"Barangay Ibabang Polo, Pagbilao, Quezon",121.74529,13.89312,4-A,LUZON,TeaM Pagbilao Corporation,Therma Luzon Inc. (TLI),NON-NPC/IPP
PAGBILAO U3,COAL,Pulverized Sub Critical Coal,420.0,420.0,"Barangay Ibabang Polo, Pagbilao, Quezon",121.74663,13.89406,4-A,LUZON,Pagbilao Energy Corporation (PEC),Therma Luzon Inc. (TLI) TeaM Energy (Philippines) Corporation,NON-NPC/IPP
QUEZON POWER PLANT,COAL,Pulverized Sub Critical Coal,538.4,460.0,"Barangay Cagsiay I, Mauban, Quezon",121.75689,14.22967,4-A,LUZON,"Pearl Energy Philippines Operating, Inc. (PEPOI)",Quezon Power (Philippines) Limited Co.,NON-NPC/IPP
SBPL,COAL,Super Critical Coal,528.1,455.0,"Barangay Cagsiay I, Mauban, Quezon",121.75676,14.23263,4-A,LUZON,"Pearl Energy Philippines Operating, Inc. (PEPOI)",San Buenaventura Power Ltd. Co.,NON-NPC/IPP
LPI U1 (SMC LIMAY U1),COAL,Circulating Fluidized Bed (CFB) Coal,150.0,134.0,"Roman Highway, Barangay Lamao, Limay, Bataan",120.60417,14.52192,3,LUZON,Limay Power Inc. (Formerly: SMC Consolidated Power Corporation (SCPC)),Limay Power Inc. (Formerly: SMC Consolidated Power Corporation (SCPC)),NON-NPC/IPP
LPI U3 (SMC LIMAY U3),COAL,Circulating Fluidized Bed (CFB) Coal,150.0,134.0,"Roman Highway, Barangay Lamao, Limay, Bataan",120.60417,14.52192,3,LUZON,Limay Power Inc. (Formerly: SMC Consolidated Power Corporation (SCPC)),Limay Power Inc. (Formerly: SMC Consolidated Power Corporation (SCPC)),NON-NPC/IPP
SLPGC U1,COAL,Circulating Fluidized Bed (CFB) Coal,150.0,133.5,"Barangay San Rafael, Calaca, Batangas",120.78527,13.93354,4-A,LUZON,Southwest Luzon Power Generation Corporation (SLPGC),Southwest Luzon Power Generation Corporation (SLPGC),NON-NPC/IPP
SLPGC U2,COAL,Circulating Fluidized Bed (CFB) Coal,150.0,133.5,"Barangay San Rafael, Calaca, Batangas",120.78527,13.93354,4-A,LUZON,Southwest Luzon Power Generation Corporation (SLPGC),Southwest Luzon Power Generation Corporation (SLPGC),NON-NPC/IPP
SLTEC PUTING BATO U1,COAL,Circulating Fluidized Bed (CFB) Coal,135.0,122.9,"Barangay Puting Bato West, Calaca, Batangas",120.82717,13.91955,4-A,LUZON,South Luzon Thermal Energy Corporation (SLTEC),South Luzon Thermal Energy Corporation (SLTEC),NON-NPC/IPP
SLTEC PUTING BATO U2,COAL,Circulating Fluidized Bed (CFB) Coal,135.0,123.8,"Barangay Puting Bato West, Calaca, Batangas",120.82717,13.91955,4-A,LUZON,South Luzon Thermal Energy Corporation (SLTEC),South Luzon Thermal Energy Corporation (SLTEC),NON-NPC/IPP
SPI U1,COAL,Pulverized Sub Critical Coal,647.0,647.0,"Barangay Pangascasan, Sual, Pangasinan",120.10031,16.12602,1,LUZON,TeaM Sual Corporation,Sual Power Inc. (Formerly: San Miguel Energy Corp. (SMEC)),NON-NPC/IPP
SPI U2,COAL,Pulverized Sub Critical Coal,647.0,647.0,"Barangay Pangascasan, Sual, Pangasinan",120.10031,16.12602,1,LUZON,TeaM Sual Corporation,Sual Power Inc. (Formerly: San Miguel Energy Corp. (SMEC)),NON-NPC/IPP
UPPC,COAL,Circularized Fluidized Bed (CFB) Coal Co-generation,30.0,24.0,"Barangay Iba-Este, Calumpit, Bulacan",120.77385,14.89908,3,LUZON,"United Pulp & Paper Co., Inc. (UPPC)","United Pulp & Paper Co., Inc. (UPPC)",NON-NPC/IPP
PETRON RSFFB,COAL,Pulverized Sub Critical Coal,140.0,100.0,"Barangay Alangan, Limay, Bataan",120.59984,14.52886,3,LUZON,Petron Corporation,Petron Corporation,NON-NPC/IPP
PETRON RSFFB PH 3,COAL,Pulverized Sub Critical Coal,44.4,0.0,"Barangay Alangan, Limay, Bataan",120.59984,14.52886,3,LUZON,Petron Corporation,Petron Corporation,NON-NPC/IPP
MPGC U1,COAL,Circulating Fluidized Bed (CFB) Coal,150.0,132.0,"Barangay Biaan, Mariveles, Bataan",120.4326,14.4509,3,LUZON,Mariveles Power Generation Corporation,Mariveles Power Generation Corporation,NON-NPC/IPP
BAUANG DPP,OIL-BASED,Bunker/Diesel  Internal Combustion Engine,235.2,210.0,"Barangay Payocpoc Sur, Bauang, La Union",120.32646,16.49264,1,LUZON,Provincial Government of La Union (PGLU) [Assignee: 1590 Energy Corporation],Provincial Government of La Union (PGLU) [Assignee: 1590 Energy Corporation],NON-NPC/IPP
CIP II,OIL-BASED,Bunker/Diesel  Internal Combustion Engine,21.3,20.0,"Brgy. Quirino, Bacnotan, La Union",120.33237,16.7736,1,LUZON,CIP II Power Corporation,CIP II Power Corporation,NON-NPC/IPP
RCBMI,OIL-BASED,Bunker/Diesel  Internal Combustion Engine,12.4,11.0,"Barangay Mapulo,Taysan, Batangas",121.18357,13.74159,4-A,LUZON,Republic Cement and Building Materials Inc. (RCBMI),Republic Cement and Building Materials Inc. (RCBMI),NON-NPC/IPP
SUBIC DPP,OIL-BASED,Bunker/Diesel Internal Combustion Engine,120.0,110.0,"Subic Bay Freeport Zone, Olongapo, Zambales",120.29983,14.81731,3,LUZON,One Subic Power Generation Corporation,One Subic Power Generation Corporation,NON-NPC/IPP
BPGC,OIL-BASED,Bunker/Diesel  Internal Combustion Engine,54.6,48.0,"Brgy. Matictic, Norzagaray, Bulacan",121.07458,14.89275,3,LUZON,Bulacan Power Generation Corporation,Bulacan Power Generation Corporation,NON-NPC/IPP
INGRID,OIL-BASED,Modular Diesel,179.8,150.0,"Pililla National Highway, Brgy., Malaya, Pililla, Rizal",121.3372,14.39103,4-A,LUZON,"Ingrid Power Holdings, Inc. (IPHI)","Ingrid Power Holdings, Inc. (IPHI)",NON-NPC/IPP
CALIBU DPP,OIL-BASED,Bunker/Diesel  Internal Combustion Engine,30.6,27.3,"Angeles Industrial Park, Bo. Calibutbut, Bacolor, Pampanga",120.59894,15.11072,3,LUZON,Angeles Power Inc. (API),Angeles Power Inc. (API),NON-NPC/IPP
FCVC DPP,OIL-BASED,Bunker/Diesel  Internal Combustion Engine,25.6,24.0,"FCVC Compound, Brgy. Lourdes, Cabanatuan City, Nueva Ecija",120.99057,15.49683,3,LUZON,First Cabanatuan Venture Corporation (FCVC),First Cabanatuan Venture Corporation (FCVC),NON-NPC/IPP
TARLAC POWER,OIL-BASED,Bunker/Diesel  Internal Combustion Engine,18.6,14.8,"Brgy. Sto. Niño, Capas, Tarlac",120.5604,15.52952,3,LUZON,Tarlac Power Corporation,Tarlac Power Corporation,NON-NPC/IPP
TMO,OIL-BASED,Bunker/Diesel  Internal Combustion Engine Power Barge,239.2,188.0,"Navotas Fish Port Complex, Navotas, Metro Manila",120.95499,14.63614,NCR,LUZON,Therma Mobile Inc. (TMO),Therma Mobile Inc. (TMO),NON-NPC/IPP
MALAYA,OIL-BASED,Bunker-fired Thermal Plant,650.0,305.0,"Barangay Malaya, Pililla, Rizal",121.33274,14.39639,4-A,LUZON,Belgrove Power Corporation,Power Sector Assets and Liabilities Management Corporation (PSALM),NPC-IPP
LIMAY CCGT,OIL-BASED,Combined Cycle Gas Turbine (CCGT),666.7,540.0,"Barangay Wawa, Limay, Bataan",120.59703,14.54109,3,LUZON,Panasia Energy Inc. (PEI),Panasia Energy Inc. (PEI),NON-NPC/IPP
MILLENNIUM GTPP,OIL-BASED,Open Cycle Gas Turbine (OCGT),100.0,0.0,"Navotas Fish Port Complex, Navotas, Metro Manila",120.95754,14.67333,NCR,LUZON,Millenium Energy Inc. (MEI),Millenium Energy Inc. (MEI),NON-NPC/IPP
AVION,NATURAL GAS,Open Cycle Gas Turbine (OCGT),130.8,88.7,"Brgy. Bolbok, Batangas City, Batangas",121.04105,13.77037,4-A,LUZON,Prime Meridian Powergen Corporation (PMPC),Prime Meridian Powergen Corporation (PMPC),NON-NPC/IPP
ILIJAN,NATURAL GAS,Combined Cycle Gas Turbine (CCGT),"1,436.5","1,200.0","Brgy. Ilijan, Batangas City, Batangas",121.07888,13.62226,4-A,LUZON,South Premiere Power Corporation,South Premiere Power Corporation,NON-NPC/IPP
SAN GABRIEL,NATURAL GAS,Combined Cycle Gas Turbine (CCGT),442.9,420.1,"Brgy. Sta. Rita, Batangas City, Batangas",121.03408,13.77599,4-A,LUZON,First NatGas Power Corp (FNPC),First NatGas Power Corp (FNPC),NON-NPC/IPP
SAN LORENZO,NATURAL GAS,Combined Cycle Gas Turbine (CCGT),586.5,530.0,"Brgy. Sta. Rita, Batangas City, Batangas",121.03492,13.77143,4-A,LUZON,FGP Corporation,FGP Corporation,NON-NPC/IPP
SANTA RITA,NATURAL GAS,Combined Cycle Gas Turbine (CCGT),"1,133.9","1,042.5","Brgy. Sta. Rita, Batangas City, Batangas",121.0329,13.77661,4-A,LUZON,First Gas Power Corporation (FGPC),First Gas Power Corporation (FGPC),NON-NPC/IPP
ACNC,BIOMASS,Biogas,3.0,1.7,"Brgy. Armenia, Tarlac City, Tarlac",120.5253,15.41952,3,LUZON,Asian Carbon Neutral Power Corporation (ACNPC),Asian Carbon Neutral Power Corporation (ACNPC),NON-NPC/IPP
BATAAN 2020,BIOMASS,Rice Husk-fired Cogeneration Plant,12.5,11.0,"Roman Superhighway, Brgy. Gugo, Samal, Bataan",120.49579,14.76727,3,LUZON,Bataan 2020 Power Ventures Inc.,Bataan 2020 Power Ventures Inc.,NON-NPC/IPP
BBEC,BIOMASS,Rice Husk-fired Cogeneration Plant,5.0,4.4,"Brgy. New San Roque, Pili, Camarines Sur",123.27848,13.55067,5,LUZON,Bicol Biomass Energy Corporation (BBEC),Bicol Biomass Energy Corporation (BBEC),NON-NPC/IPP
CBEC,BIOMASS,Rice Husk-fired Power Plant,15.0,13.5,"Burgos, Isabela",121.76054,17.06865,2,LUZON,Cagayan Biomass Energy Corporation (CBEC),Cagayan Biomass Energy Corporation (CBEC),NON-NPC/IPP
G2REC,BIOMASS,Napier Grass-fired Biomass Power Plant,12.0,10.8,"Brgy. Caridad Sur, Llanera, Nueva Ecija",121.0134,15.69988,3,LUZON,Grass Gold Renewable Energy Corporation (G2REC),Grass Gold Renewable Energy Corporation (G2REC),NON-NPC/IPP
GIFT,BIOMASS,Bagasse-fired Cogeneration Plant,12.0,10.8,"Brgy. Bacal 2, Talavera, Nueva Ecija",120.89851,15.69421,3,LUZON,Green Innovations for Tomorrow Corporation (GIFTC),Green Innovations for Tomorrow Corporation (GIFTC),NON-NPC/IPP
GIFT II,BIOMASS,Rice Husk-fired Biomass Power Plant,6.0,5.4,"Brgy. Bacal 2, Talavera, Nueva Ecija",120.89851,15.69421,3,LUZON,Green Innovations for Tomorrow Corporation (GIFTC),Green Innovations for Tomorrow Corporation (GIFTC),NON-NPC/IPP
GREEN FUTURE,BIOMASS,Bagasse-fired Cogeneration Plant,19.8,14.0,"Ecofuel Agro-Industrial Ecozone, Sta. Filomeno, San Mariano, Isabela",121.99495,16.98726,2,LUZON,Green Future Innovation Inc. (GFII),Green Future Innovation Inc. (GFII),NON-NPC/IPP
IBEC,BIOMASS,Rice Husk-fired Cogeneration Plant,20.0,18.0,"Maharlika Highway, Burgos, Alicia, Isabela",121.73355,16.83935,2,LUZON,Isabela Biomass Energy Corporation (IBEC),Isabela Biomass Energy Corporation (IBEC),NON-NPC/IPP
SJC IPOWER Phase I,BIOMASS,Rice Husk-fired Cogeneration Plant,12.0,10.8,"Tulad Road, San Jose City, Nueva Ecija",120.99713,15.77927,3,LUZON,San Jose City I Power Corporation,San Jose City I Power Corporation,NON-NPC/IPP
SJC IPOWER Phase II,BIOMASS,Rice Husk-fired Cogeneration Plant,12.0,10.8,"Tulad Road, San Jose City, Nueva Ecija",120.99713,15.77927,3,LUZON,San Jose City I Power Corporation,San Jose City I Power Corporation,NON-NPC/IPP
VSGPC,BIOMASS,Rice Husk-fired Cogeneration Plant,6.0,5.4,"Tulad Road, San Jose City, Nueva Ecija",120.9984,15.77476,3,LUZON,V. S. Gripal Power Corporation (VSGPC),V. S. Gripal Power Corporation (VSGPC),NON-NPC/IPP
CEC,BIOMASS,Napier Grass-fired Biomass Power Plant,12.0,7.7,"Barangay Pag-asa, Orani, Bataan",120.46624,14.78352,3,LUZON,Cleangreen Energy Corporation (CEC),Cleangreen Energy Corporation (CEC),NON-NPC/IPP
HGEC,BIOMASS,Rice Husk-fired Cogeneration Plant,12.0,10.0,"Barangay Taal, Bocaue, Bulacan",120.91843,14.80933,3,LUZON,HyperGreen Energy Corporation (HGEC),Hypergreen Energy Corporation,NON-NPC/IPP
LASUERTE,BIOMASS,Rice Husk-fired Power Plant,5.0,5.0,"Barangay San Pedro-San Pablo, Aurora, Isabela",121.63388,17.00099,2,LUZON,Isabela La Suerte Rice Mill Corporation,Isabela La Suerte Rice Mill Corporation,NON-NPC/IPP
MONTALBAN LFG,BIOMASS,Landfill Gas Recovery System,6.4,2.2,"Brgy. San Isidro, Rodriguez, Rizal",121.14673,14.77515,4-A,LUZON,Montalban Methane Power Corp.,Montalban Methane Power Corp.,NON-NPC/IPP
PANGEA,BIOMASS,Landfill Gas Recovery System,1.5,1.2,"Brgy. Payatas, Quezon City",121.05023,14.65849,NCR,LUZON,"Pangea Green Energy Phil., Inc.","Pangea Green Energy Phil., Inc.",NON-NPC/IPP
FEAC,BIOMASS,Biogas Power Plant,2.4,2.4,"Barangay Sulipan, Apalit, Pampanga",120.7632,14.94163,3,LUZON,Far East Alcohol Corporation,Far East Alcohol Corporation,NON-NPC/IPP
BACMAN,GEOTHERMAL,Single Flash,140.0,133.0,"BAC-MAN I: Barangay Nagotgot, Manito, Albay
BAC-MAN II: Barangay Bulabog, Sorsogon City, Sorsogon",123.97243,13.05731,5,LUZON,Bac-Man Geothermal Inc. (BGI),Bac-Man Geothermal Inc. (BGI),NON-NPC/IPP
MAKBAN,GEOTHERMAL,Single Flash,442.8,319.6,"Calauan and Bay Laguna and Barangay Sta.Elena, Sto. Tomas Batangas",121.22542,14.09144,4-A,LUZON,AP Renewable Inc. (APRI),AP Renewable Inc. (APRI),NON-NPC/IPP
MAKBAN-BINARY,GEOTHERMAL,Binary,15.7,5.8,"Bay, Laguna",121.21452,14.09257,4-A,LUZON,AP Renewable Inc. (APRI),AP Renewable Inc. (APRI),NON-NPC/IPP
TIWI,GEOTHERMAL,Single Flash,234.0,223.9,"Tiwi, Albay",123.64805,13.46565,5,LUZON,AP Renewable Inc. (APRI),AP Renewable Inc. (APRI),NON-NPC/IPP
MAIBARARA 1,GEOTHERMAL,Single Flash,20.0,20.0,"Barangay San Rafael, Sto. Tomas, Batangas",121.16548,14.13824,4-A,LUZON,Maibarara Geothermal Inc. (MGI),Maibarara Geothermal Inc. (MGI),NON-NPC/IPP
MAIBARARA 2,GEOTHERMAL,Single Flash,12.0,12.0,"Barangay San Rafael, Sto. Tomas, Batangas",121.16548,14.13824,4-A,LUZON,Maibarara Geothermal Inc. (MGI),Maibarara Geothermal Inc. (MGI),NON-NPC/IPP
CALATAGAN SOLAR,SOLAR,Ground Mounted Solar PVs,63.3,50.6,"Barangay Paraiso and Biga, Calatagan and Balayan, Batangas",120.66106,13.92459,4-A,LUZON,Solar Philippines Calatagan Corporation,Solar Philippines Calatagan Corporation,NON-NPC/IPP
CLARK SOLAR,SOLAR,Ground Mounted Solar PVs,22.3,19.8,"Prince Balagtas Extension, Clark Special Economic Zone, Barangay Calumpang, Mabalacat, Pampanga",120.54856,15.28197,3,LUZON,Citicore Renewable Energy Corporation (formerly: Enfinity Philippines Renewable Resources Inc.),Citicore Renewable Energy Corporation (formerly: Enfinity Philippines Renewable Resources Inc.),NON-NPC/IPP
CONCEPCION 1 SOLAR,SOLAR,Ground Mounted Solar PVs,20.7,16.6,"Barangay Sta. Rosa, Concepcion , Tarlac",120.60836,15.38087,3,LUZON,Solar Philippines Tarlac Corporation,Solar Philippines Tarlac Corporation,NON-NPC/IPP
CONCEPCION 2 SOLAR,SOLAR,Ground Mounted Solar PVs,70.9,56.7,"Barangay Sta. Rosa, Concepcion , Tarlac",120.60836,15.38087,3,LUZON,Solar Philippines Tarlac Corporation,Solar Philippines Tarlac Corporation,NON-NPC/IPP
CURRIMAO SOLAR,SOLAR,Ground Mounted Solar PVs,20.1,16.3,"Barangay Paguludan-Salindeg, Currimao, Ilocos Norte",120.48734,18.04978,1,LUZON,Mirae Asia Energy Corporation,Mirae Asia Energy Corporation,NON-NPC/IPP
MARIVELES SOLAR,SOLAR,Ground Mounted Solar PVs,18.0,16.0,"Freeport Area of Bataan(FAB), Barangay Alas-asin, Mariveles, Bataaan",120.53555,14.45125,3,LUZON,"Citicore Solar Bataan, Inc. (Formerly: Next Generation Power Technology Corporation)","Citicore Solar Bataan, Inc. (Formerly: Next Generation Power Technology Corporation)",NON-NPC/IPP
PETROSOLAR,SOLAR,Ground Mounted Solar PVs,50.1,41.4,"Central Technopark, Barangay Lourdes, Tarlac City, Tarlac",120.64278,15.44842,3,LUZON,PetroSolar Corporation,PetroSolar Corporation,NON-NPC/IPP
PETROSOLAR 2,SOLAR,Ground Mounted Solar PVs,20.4,16.7,"Central Technopark, Barangay Lourdes, Tarlac City, Tarlac",120.64278,15.44842,3,LUZON,PetroSolar Corporation,PetroSolar Corporation,NON-NPC/IPP
"STA. RITA SOLAR (Phase I, II and 3A)",SOLAR,Ground Mounted Solar PVs,62.4,59.3,"Mt. Sta. Rita, Subic Bay Freeport Zone",120.3625,14.824,3,LUZON,Jobin-Sqm Inc. (JOBIN),Jobin-Sqm Inc. (JOBIN),NON-NPC/IPP
STA.RITA SOLAR (Phase 3B),SOLAR,Ground Mounted Solar PVs,34.4,27.5,"Mt. Sta. Rita, Subic Bay Freeport Zone",120.363,14.805,3,LUZON,Jobin-Sqm Inc. (JOBIN),Jobin-Sqm Inc. (JOBIN),NON-NPC/IPP
YH GREEN,SOLAR,Ground Mounted Solar PVs,14.5,11.6,"Barangay Bacong, Hermosa, Bataan",120.44854,14.83226,3,LUZON,YH Green Energy Incorporated,YH Green Energy Incorporated,NON-NPC/IPP
PFBSI,SOLAR,Ground Mounted Solar PVs,80.9,64.7,"Barangays Labne, Tibagan, & San Juan, San Miguel Bulacan",121.00243,15.13686,3,LUZON,"PowerSource First Bulacan Solar, Inc.","PowerSource First Bulacan Solar, Inc.",NON-NPC/IPP
TAGALAG SOLAR,SOLAR,Ground Mounted Solar PVs,16.0,12.8,"189 Tagalag Road, Barangay Tagalag Valenzuela City",120.93815,14.72402,NCR,LUZON,Ecopark Energy of Valenzuela Corporation,Ecopark Energy of Valenzuela Corporation,NON-NPC/IPP
GIGASOL3 SOLAR,SOLAR,Ground Mounted Solar PVs,63.0,50.4,"Barangay Salaza, and Cauyan, Palauig, Zambales",119.94992,15.44409,3,LUZON,AC Energy Corp,AC Energy Corp,NON-NPC/IPP
ALAMINOS SOLAR,SOLAR,Ground Mounted Solar PVs,120.3,96.3,"Barangays San Andres and San Juan, Alaminos, Laguna",121.21595,14.0603,4-A,LUZON,AC Energy Corp,AC Energy Corp,NON-NPC/IPP
STA.ROSA SOLAR,SOLAR,Ground Mounted Solar PVs,60.1,48.1,"Barangay Sta. Rosa, Concepcion , Tarlac",120.61282,15.37855,3,LUZON,Terasu Energy Inc.,Terasu Energy Inc.,NON-NPC/IPP
BATAAN SOLAR ENERGY PROJECT,SOLAR,Ground Mounted Solar PVs,4.4,3.7,"Barangay Batangas-II, Mariveles, Bataan",120.45881,14.45802,3,LUZON,"Bataan Solar Energy, Inc. (BSEI)","Bataan Solar Energy, Inc. (BSEI)",NON-NPC/IPP
ARAYAT-MEXICO SOLAR POWER PLANT,SOLAR,Ground Mounted Solar PVs,72.0,51.0,"Barangay San Antonio, Arayat, Pampanga",120.68215,15.16563,3,LUZON,"Greencore Power Solutions 3, Inc.","Greencore Power Solutions 3, Inc.",NON-NPC/IPP
ARAYAT-MEXICO SOLAR POWER PLANT PHASE 2,SOLAR,Ground Mounted Solar PVs,43.7,30.9,"Barangay San Antonio, Arayat, and Barangay Buenavista, Mexico, Pampanga",120.68215,15.16563,3,LUZON,"Greencore Power Solutions 3, Inc.","Greencore Power Solutions 3, Inc.",NON-NPC/IPP
ARMENIA SOLAR,SOLAR,Ground Mounted Solar PVs,8.8,7.1,"Barangay Armenia, Tarlac City, Tarlac",120.53305,15.41596,3,LUZON,"Citicore Solar Tarlac 1, Inc. [Formerly: nv vogt Philippines Solar Energy Three, Inc. (nv vogt 3)]","Citicore Solar Tarlac 1, Inc. [Formerly: nv vogt Philippines Solar Energy Three, Inc. (nv vogt 3)]",NON-NPC/IPP
BULACAN III SOLAR,SOLAR,Ground Mounted Solar PVs,15.0,12.0,"Hulo, Barangay Pasong Bangkal, San Ildefonso, Bulacan",121.02953,15.00609,3,LUZON,"Citicore Solar Bulacan, Inc. (CSBuI) [Formerly: Bulacan Solar Energy Corporation]","Citicore Solar Bulacan, Inc. (CSBuI) [Formerly: Bulacan Solar Energy Corporation]",NON-NPC/IPP
BURGOS SOLAR 1,SOLAR,Ground Mounted Solar PVs,4.2,3.3,"Barangay Saoit, Burgos, Ilocos Norte",120.63734,18.52656,1,LUZON,Energy Development Corporation (EDC),Energy Development Corporation (EDC),NON-NPC/IPP
BURGOS SOLAR 2,SOLAR,Ground Mounted Solar PVs,2.7,2.1,"Barangay Saoit, Burgos, Ilocos Norte",120.63734,18.52656,1,LUZON,Energy Development Corporation (EDC),Energy Development Corporation (EDC),NON-NPC/IPP
CABANATUAN SOLAR,SOLAR,Ground Mounted Solar PVs,10.3,8.2,"FCVC Compound, Barangay Lourdes, Cabanatuan City, Nueva Ecija",120.9906,15.4968,3,LUZON,"First Cabanatuan Renewable Ventures, Inc.","First Cabanatuan Renewable Ventures, Inc.",NON-NPC/IPP
DALAYAP SOLAR,SOLAR,Ground Mounted Solar PVs,7.5,6.0,"Barangay Dalayap, Tarlac City, Tarlac",120.61302,15.53719,3,LUZON,"Citicore Solar Tarlac 2, Inc. [Formerly: nv vogt Philippines Solar Energy Four, Inc. (nv vogt 4)]","Citicore Solar Tarlac 2, Inc. [Formerly: nv vogt Philippines Solar Energy Four, Inc. (nv vogt 4)]",NON-NPC/IPP
ECOPARK ISLA SOLAR,SOLAR,Ground Mounted Solar PVs,5.9,4.7,"156 Isla Road, Barangay Isla, Valenzuela City, Metro Manila",120.95103,14.70489,NCR,LUZON,Ecopark Energy of Valenzuela Corp.,Ecopark Energy of Valenzuela Corp.,NON-NPC/IPP
LIAN SOLAR,SOLAR,Ground Mounted Solar PVs,2.0,1.6,"Brgy. Malaruhatan, Lian, Batangas",120.66354,14.04399,4-A,LUZON,Absolut Distillers Inc.,Absolut Distillers Inc.,NON-NPC/IPP
MAJESTIC,SOLAR,Rooftop Installed Solar PVs,41.3,33.0,"CEZA, Rosario, Cavite",120.875,14.417,4-A,LUZON,Majestic Power Corporation,Majestic Power Corporation,NON-NPC/IPP
MORONG SOLAR,SOLAR,Ground Mounted Solar PVs,5.0,4.0,"Brgy. Sabang, Morong, Bataan",120.26651,14.69109,3,LUZON,SPARC Solar Powered Agri-Rural Communities Corporation (SPARCC),SPARC Solar Powered Agri-Rural Communities Corporation (SPARCC),NON-NPC/IPP
PALAUIG SOLAR,SOLAR,Ground Mounted Solar PVs,5.0,4.0,"Brgy. Salaza, Palauig, Zambales",119.98503,15.44111,3,LUZON,SPARC Solar Powered Agri-Rural Communities Corporation (SPARCC),SPARC Solar Powered Agri-Rural Communities Corporation (SPARCC),NON-NPC/IPP
RASLAG SOLAR PH 1,SOLAR,Ground Mounted Solar PVs,10.0,8.0,"Brgy. Suclaban, Mexico, Pampanga",120.63805,15.13493,3,LUZON,RASLAG Corporation,RASLAG Corporation,NON-NPC/IPP
RASLAG SOLAR PH 2,SOLAR,Ground Mounted Solar PVs,13.1,10.5,"Brgy. Suclaban, Mexico, Pampanga",120.63805,15.13493,3,LUZON,RASLAG Corporation,RASLAG Corporation,NON-NPC/IPP
SAN RAFAEL SOLAR,SOLAR,Ground Mounted Solar PVs,3.8,3.1,"Barangay Pasong Intsik, San Rafael, Bulacan",120.973697,15.007046,3,LUZON,SPARC Solar Powered Agri-Rural Communities Corporation (SPARCC),SPARC Solar Powered Agri-Rural Communities Corporation (SPARCC),NON-NPC/IPP
SARRAT SOLAR,SOLAR,Ground Mounted Solar PVs,0.9,0.7,"Barangay 21, San Marcos, Sarrat, Ilocos Norte",120.676248,18.135656,1,LUZON,"Bosung Solartec, Inc.","Bosung Solartec, Inc.",NON-NPC/IPP
SPCRPI SM NORTH EDSA,SOLAR,Rooftop Installed Solar PVs,1.5,1.2,"EDSA corner North Avenue, Barangays Santo Cristo and Bagong Pag-Asa, Quezon City,",121.03088,14.65779,NCR,LUZON,"Solar Philippines Commercial Rooftop Projects, Inc.","Solar Philippines Commercial Rooftop Projects, Inc.",NON-NPC/IPP
CENTRAL MALL BIÑAN SOLAR POWER PROJECT,SOLAR,Rooftop Installed Solar PVs,0.7,0.7,"Gen. Malvar Street Corner Old National Highway, Binan, Laguna and Carmona, Cavite",121.08239,14.33289,4-A,LUZON,"Solar Philippines Commercial Rooftop Projects, Inc.","Solar Philippines Commercial Rooftop Projects, Inc.",NON-NPC/IPP
VALENZUELA SOLAR,SOLAR,Ground Mounted Solar PVs,8.5,6.8,"198 Isla Road, Planters Technopark, Brgy. Isla, Valenzuela City",120.95364,14.70217,NCR,LUZON,Valenzuela Solar Energy Inc.,Valenzuela Solar Energy Inc.,NON-NPC/IPP
SIAEP,SOLAR,Rooftop Installed Solar PVs,0.5,0.4,"Mabalacat City, Pampanga",120.5485,15.17281,1,LUZON,Trademaster Symbior Rooftop Corporation,Trademaster Symbior Rooftop Corporation,NON-NPC/IPP
RASLAG III,SOLAR,Ground Mounted Solar PVs,18.0,14.4,"Barangay Bical, Mabalacat, Pampanga, and Brgy. San Jose, Magalang, Pampanga",120.6244,15.19355,3,LUZON,Raslag Corp.,Raslag Corp.,NON-NPC/IPP
STA. BARBARA PH1,SOLAR,Ground Mounted Solar PVs,10.0,7.8,"Barangay Erfe, Sta. Barbara, Pangasinan",120.45363,16.00339,1,LUZON,OneManaoag Solar Corporation (Formerly SunAsia Energy Inc.),OneManaoag Solar Corporation (Formerly SunAsia Energy Inc.),NON-NPC/IPP
ASIAN TRANSMISSION CORPORATION,SOLAR,Rooftop Installed Solar PVs,1.8,1.4,"Carmelray Industrial Park 1, Canlubang, Calamba, Laguna",121.09344,14.21299,4-A,LUZON,Laguna Rooftop Solar Corporation,Laguna Rooftop Solar Corporation,NON-NPC/IPP
CURRIMAO SPP,SOLAR,Ground Mounted Solar PVs,48.1,38.5,"Barangay Paguludan-Salindeg, Currimao, Ilocos Norte",120.48532,18.05165,1,LUZON,Nuevo Solar Energy Corp.,Nuevo Solar Energy Corp.,NON-NPC/IPP
AMBUKLAO,HYDROELECTRIC,Dam-type HEPP,105.0,105.0,"Barangay Ambuclao, Bokud, Benguet",120.74522,16.45879,CAR,LUZON,"SN Aboitiz Power (SNAP)- Benguet, Inc.","SN Aboitiz Power (SNAP)- Benguet, Inc.",NON-NPC/IPP
ANGAT MAIN,HYDROELECTRIC,Dam-type HEPP,200.0,200.0,"Barangay San Lorenzo, Norzagaray, Bulacan",121.16061,14.90705,3,LUZON,Angat Hydro Power Corporation (AHPC),Angat Hydro Power Corporation (AHPC),NON-NPC/IPP
ANGAT AUX,HYDROELECTRIC,Dam-type HEPP,18.0,18.0,"Barangay San Lorenzo, Norzagaray, Bulacan",121.16061,14.90705,3,LUZON,Angat Hydro Power Corporation (AHPC),Angat Hydro Power Corporation (AHPC),NON-NPC/IPP
BAKUN AC,HYDROELECTRIC,Run-of-River type HEPP,74.8,59.4,"Barangay Amilongan, Alilem, Ilocos Sur",120.58318,16.85059,1,LUZON,Luzon Hydro Corporation,Luzon Hydro Corporation,NON-NPC/IPP
BINGA,HYDROELECTRIC,Dam-type HEPP,140.0,138.0,"Barangay Tinongdan, Itogon, Benguet",120.72984,16.38937,CAR,LUZON,"SN Aboitiz Power (SNAP) - Benguet, Inc.","SN Aboitiz Power (SNAP) - Benguet, Inc.",NON-NPC/IPP
CALIRAYA,HYDROELECTRIC,Dam-type HEPP,39.1,35.0,"Caliraya, Lumban, Laguna",121.47044,14.2993,4-A,LUZON,Caliraya-Botocan-Kalayaan Power Company Ltd.,Power Sector Assets and Liabilities Management Corporation (PSALM),NPC-IPP
CASECNAN (NIA),HYDROELECTRIC,Run-of-River type HEPP,168.0,150.0,"Sitio Pauan, Barangay Villarica, Pantabangan, Nueva Ecija",121.20012,15.83994,3,LUZON,Fresh River Lakes Corporation,Fresh River Lakes Corporation,NON-NPC/IPP
KALAYAAN PSPP,HYDROELECTRIC,Dam-type HEPP,736.0,720.0,"San Juan, Kalayaan, Laguna",121.47406,14.31852,4-A,LUZON,Caliraya-Botocan-Kalayaan Power Company Ltd.,Power Sector Assets and Liabilities Management Corporation (PSALM),NPC-IPP
MAGAT,HYDROELECTRIC,Dam-type HEPP,360.0,345.6,"Barangay Aguinaldo, Ramon, Isabela",121.45636,16.82734,2,LUZON,"SN Aboitiz Power (SNAP) - Magat, Inc.","SN Aboitiz Power (SNAP) - Magat, Inc.",NON-NPC/IPP
PANTABANGAN,HYDROELECTRIC,Dam-type HEPP,120.8,120.0,"Barangay West Poblacion, Pantabangan, Nueva Ecija",121.1083,15.81157,3,LUZON,First Gen Hydro Power Corporation (FG Hydro),First Gen Hydro Power Corporation (FG Hydro),NON-NPC/IPP
SAN ROQUE,HYDROELECTRIC,Dam-type HEPP,435.0,404.0,"Barangay San Roque, San Manuel, Pangasinan",120.68187,16.14583,1,LUZON,San Roque Power Corporation (SRPC),Strategic Power Development Corporation (SPDC),NON-NPC/IPP
AMPOHAW,HYDROELECTRIC,Run-of-River type HEPP,8.0,7.5,"Banengbeng, Sablan, Benguet",120.5407,16.5223,CAR,LUZON,"Hydro Electric Development Corporation (HEDCOR), Inc.","Hydro Electric Development Corporation (HEDCOR), Inc.",NON-NPC/IPP
FLS,HYDROELECTRIC,Run-of-River type HEPP,6.4,6.0,"Poblacion, Bakun, Benguet",120.65111,16.80639,CAR,LUZON,"Hydro Electric Development Corporation (HEDCOR), Inc.","Hydro Electric Development Corporation (HEDCOR), Inc.",NON-NPC/IPP
LA TRINIDAD,HYDROELECTRIC,Run-of-River type HEPP,20.4,8.5,"Barangays Alapang, Alno, and Bineng, La Trinidad, Benguet",120.57723,16.48032,CAR,LUZON,"Hydro Electric Development Corporation (HEDCOR), Inc.","Hydro Electric Development Corporation (HEDCOR), Inc.",NON-NPC/IPP
MARIS MAIN CANAL 1,HYDROELECTRIC,Run-of-River type HEPP,8.5,8.0,"Barangay Ambatali, Ramon, Isabela",121.46589,16.82841,2,LUZON,"SN Aboitiz Power (SNAP) - Magat, Inc.","SN Aboitiz Power (SNAP) - Magat, Inc.",NON-NPC/IPP
NIA-BALIGATAN,HYDROELECTRIC,Run-of-River type HEPP,6.0,6.0,"Barangay Aguinaldo, Ramon, Isabela",121.45015,16.80778,2,LUZON,National Irrigation Administration (NIA),National Irrigation Administration (NIA),NON-NPC/IPP
SABANGAN,HYDROELECTRIC,Run-of-River type HEPP,15.0,15.0,"Mt. Kalawitan, Brgy. Namatec, Sabangan, Mt. Province",120.91989,16.92919,CAR,LUZON,"Hydro Electric Development Corporation (HEDCOR), Inc.","Hydro Electric Development Corporation (HEDCOR), Inc.",NON-NPC/IPP
BOTOCAN,HYDROELECTRIC,Run-of-River type HEPP,22.8,22.0,"Botocan, Majayjay, Laguna",121.48508,14.05615,4-A,LUZON,Caliraya-Botocan-Kalayaan Power Company Ltd.,Power Sector Assets and Liabilities Management Corporation (PSALM),NPC-IPP
BINENG 3,HYDROELECTRIC,Run-of-River type HEPP,5.6,3.6,"Barangay Bineng, La Trinidad, Benguet",120.57682,16.49252,CAR,LUZON,"Hydro Electric Development Corporation (HEDCOR), Inc.","Hydro Electric Development Corporation (HEDCOR), Inc.",NON-NPC/IPP
IRISAN 1,HYDROELECTRIC,Run-of-River type HEPP,3.8,3.3,"Barangay Tadiangan, Tuba, Benguet",120.53171,16.43335,CAR,LUZON,"Hydro Electric Development Corporation (HEDCOR), Inc.","Hydro Electric Development Corporation (HEDCOR), Inc.",NON-NPC/IPP
IRISAN 3,HYDROELECTRIC,Run-of-River type HEPP,1.2,1.1,"Barangay Tadiangan, Tuba, Benguet",120.52583,16.42899,CAR,LUZON,"Hydro Electric Development Corporation (HEDCOR), Inc.","Hydro Electric Development Corporation (HEDCOR), Inc.",NON-NPC/IPP
LON-OY,HYDROELECTRIC,Run-of-River type HEPP,3.6,3.3,"Barangay Poblacion, Bakun, Benguet",120.65218,16.8082,CAR,LUZON,"Hydro Electric Development Corporation (HEDCOR), Inc.","Hydro Electric Development Corporation (HEDCOR), Inc.",NON-NPC/IPP
LOWER LABAY,HYDROELECTRIC,Run-of-River type HEPP,2.4,2.3,"Barangay Amposongan, Bakun, Benguet",120.7275,16.7625,CAR,LUZON,"Hydro Electric Development Corporation (HEDCOR), Inc.","Hydro Electric Development Corporation (HEDCOR), Inc.",NON-NPC/IPP
MAJAYJAY,HYDROELECTRIC,Run-of-River type HEPP,2.3,1.0,"Barangay Ibabang Banga, Majayjay, Laguna",121.48825,14.15318,4-A,LUZON,"Majayjay Hydropower Company, Inc.","Majayjay Hydropower Company, Inc.",NON-NPC/IPP
SAL-ANGAN,HYDROELECTRIC,Run-of-River type HEPP,2.4,1.8,"Ampucao, Itogon, Benguet",120.67318,16.26967,CAR,LUZON,"Hydro Electric Development Corporation (HEDCOR), Inc.","Hydro Electric Development Corporation (HEDCOR), Inc.",NON-NPC/IPP
LABAYAT (UPPER CASCADE),HYDROELECTRIC,Run-of-River type HEPP,3.5,3.5,"Barangay Maragondon, Real, Quezon",121.58575,14.52724,4-A,LUZON,Labayat 1 Hydropower Corporation,Labayat 1 Hydropower Corporation,NON-NPC/IPP
AGUA-GRANDE,HYDROELECTRIC,Run-of-River type HEPP,2.0,2.0,"Barangay Pancian, Pagudpod, Ilocos Norte",120.89943,18.57036,1,LUZON,"Ilocos Norte Electric Cooperative, Inc. (INEC)","Ilocos Norte Electric Cooperative, Inc. (INEC)",NON-NPC/IPP
BALUGBOG,HYDROELECTRIC,Run-of-River type HEPP,1.1,0.5,"Barangay Palina, Nagcarlan, Laguna",121.41665,14.15343,4-A,LUZON,Philippine Power and Development Company (PHILPODECO),Philippine Power and Development Company (PHILPODECO),NON-NPC/IPP
BARIT 1,HYDROELECTRIC,Run-of-River type HEPP,1.8,1.8,"Sta. Justina, Buhi, Camarines Sur",123.48737,13.40002,5,LUZON,"People's Energy Services, Inc. (PESI)","People's Energy Services, Inc. (PESI)",NON-NPC/IPP
BULANAO,HYDROELECTRIC,Run-of-River type HEPP,1.0,1.0,"Purok 6, Bulanao, Tabuk City, Kalinga",121.45399,17.4139,CAR,LUZON,DPJ Engineers and Consultants,DPJ Engineers and Consultants,NON-NPC/IPP
COMMUNAL-UDDIAWAN,HYDROELECTRIC,Run-of-River type HEPP,1.8,1.8,"Barangay Communal, Solano, Nueva Viscaya",121.12279,16.5686,2,LUZON,Smith-Bell Mini-Hydro Corporation (SBMHC),Smith-Bell Mini-Hydro Corporation (SBMHC),NON-NPC/IPP
MAGAT A&B,HYDROELECTRIC,Run-of-River type HEPP,2.5,0.6,"Ramon, Isabela",121.54553,16.80945,2,LUZON,"Magat A: Isabela I Electric Cooperative, Inc.
Magat B: (awaiting confirmation from DOE-REMB)","Magat A: Isabela I Electric Cooperative, Inc.
Magat B: (awaiting confirmation from DOE-REMB)",NON-NPC/IPP
PALAKPAKIN,HYDROELECTRIC,Run-of-River type HEPP,1.5,0.3,"Barangay Prinza, Calauan, Laguna",121.33456,14.12753,4-A,LUZON,Philippine Power and Development Company (PHILPODECO),Philippine Power and Development Company (PHILPODECO),NON-NPC/IPP
PRISMC,HYDROELECTRIC,Run-of-River type HEPP,1.0,1.0,"Rizal, Nueva Ecija",121.1042,15.72575,3,LUZON,PNOC - Renewables Corporation,PNOC - Renewables Corporation,NON-NPC/IPP
Butao Irrigation Drop,HYDROELECTRIC,Run-of-River type HEPP,1.4,1.2,"Sitio Butao, Barangay Guiset Sur, San Manuel, Pangasinan",120.67763,16.06495,1,LUZON,Mindoro Grid Corporation,Mindoro Grid Corporation,NON-NPC/IPP
MAN-ASOK,HYDROELECTRIC,Run-of-River type HEPP,3.2,3.2,"Barangay Sebang, Buguias, Benguet",120.83675,16.74941,CAR,LUZON,"Benguet Electric Cooperative, Inc.","Benguet Electric Cooperative, Inc.",NON-NPC/IPP
TIBAG,HYDROELECTRIC,Run-of-River type HEPP,5.8,5.8,"Barangay Cagsiay III, Mauban, Quezon",121.75697,14.23372,4-A,LUZON,Tibag Hydropower Corporation,Tibag Hydropower Corporation,NON-NPC/IPP
AMBANGAL,HYDROELECTRIC,Run-of-River type HEPP,0.2,0.0,"Ambangal,Kiangan, Ifugao",121.10696,16.79182,CAR,LUZON,Provincial Government of Ifugao,Provincial Government of Ifugao,NON-NPC/IPP
UPPER CAWAYAN (CAWAYAN 1),HYDROELECTRIC,Run-of-River type HEPP,0.6,0.4,"Barangay Guinlajon, Sorsogon City",123.92931,13.26433,5,LUZON,"Sunwest Water and Electric Company, Inc. - Sorsogon Electric Cooperative II (SUWECO-SORECO II)","Sunwest Water and Electric Company, Inc. - Sorsogon Electric Cooperative II (SUWECO-SORECO II)",NON-NPC/IPP
INARIHAN,HYDROELECTRIC,Run-of-River type HEPP,1.6,1.6,"Panicuason, Naga City",123.32338,13.67235,5,LUZON,Bicol Hydropower Corp.,Bicol Hydropower Corp.,NON-NPC/IPP
LIKUD,HYDROELECTRIC,Run-of-River type HEPP,0.8,0.0,"Haliap, Asipulo, Ifugao",121.10242,16.73239,CAR,LUZON,Provincial Government of Ifugao,Provincial Government of Ifugao,NON-NPC/IPP
SAN LUIS,HYDROELECTRIC,Run-of-River type HEPP,0.8,0.6,"San Luis, Aurora",121.4844,15.49551,3,LUZON,EPower Technologies Corp.,EPower Technologies Corp.,NON-NPC/IPP
BANGUI WIND POWER Ph1 and Ph2,WIND,On-shore Wind Turbine,33.0,33.0,"Sitio Suyo, Brgy. Baruyen, Bangui Bay,Ilocos Norte",120.71034,18.52839,1,LUZON,North Wind Power Development Corporation (NWPDC),North Wind Power Development Corporation (NWPDC),NON-NPC/IPP
BANGUI WIND POWER Ph3,WIND,On-shore Wind Turbine,18.9,18.9,"Sitio Suyo, Brgy. Baruyen, Bangui Bay,Ilocos Norte",120.68497,18.5212,1,LUZON,North Wind Power Development Corporation (NWPDC),North Wind Power Development Corporation (NWPDC),NON-NPC/IPP
BURGOS WIND,WIND,On-shore Wind Turbine,150.0,150.0,"Barangay Saoit, Burgos, Ilocos Norte",120.66109,18.53281,1,LUZON,EDC Burgos Wind Power Corporation (EBWPC),EDC Burgos Wind Power Corporation (EBWPC),NON-NPC/IPP
CAPARISPISAN WIND,WIND,On-shore Wind Turbine,81.0,81.0,"Barangay Caparispisan, Pagudpud, Ilocos Norte",120.81086,18.62369,1,LUZON,North Luzon Renewable Energy Corporation (NLREC),North Luzon Renewable Energy Corporation (NLREC),NON-NPC/IPP
PILILIA WIND,WIND,Mountain Range-Installed Wind Turbine,54.0,54.0,"Barangay Halayhayin, Pililia, Rizal",121.36957,14.45517,4-A,LUZON,Alternergy Wind One Corporation,Alternergy Wind One Corporation,NON-NPC/IPP
ALAMINOS BESS,ENERGY STORAGE SYSTEM (ESS),Battery ESS,60.0,60.0,"Barangay  San Andres, Alaminos, Laguna",121.21937,14.06929,4-A,LUZON,"Giga Ace 4, Inc. (GA4I)","Giga Ace 4, Inc. (GA4I)",NON-NPC/IPP
MASINLOC BESS,ENERGY STORAGE SYSTEM (ESS),Battery ESS,12.4,12.4,"Barangay Buni Sucluran, Masinloc, Zambales",119.92373,15.56694,3,LUZON,Masinloc Power Partners Co. Ltd. (MPPCL),Masinloc Power Partners Co. Ltd. (MPPCL),NON-NPC/IPP
LAMAO PH 1&2 BESS,ENERGY STORAGE SYSTEM (ESS),Battery ESS,69.9,69.9,"Barangay Lamao, Limay, Bataan",120.59565,14.52226,3,LUZON,SMGP BESS Power Inc.,SMGP BESS Power Inc.,NON-NPC/IPP
BATAAN BESS (formerly known as LIMAY BCCPP),ENERGY STORAGE SYSTEM (ESS),Battery ESS,47.5,47.5,"Barangays Kitang II and Luz, Limay, Bataan",120.60432,14.52212,3,LUZON,SMGP BESS Power Inc.,SMGP BESS Power Inc.,NON-NPC/IPP
SAN MANUEL PH 1&2 BESS,ENERGY STORAGE SYSTEM (ESS),Battery ESS,68.5,68.5,"Barangay Sto. Domingo, San Manuel, Pangasinan",120.64824,16.06501,1,LUZON,SMGP BESS Power Inc.,SMGP BESS Power Inc.,NON-NPC/IPP
MAGAT BESS,ENERGY STORAGE SYSTEM (ESS),Battery ESS,32.4,32.4,"Barangay Gen. Aguinaldo, Ramon, Isabela",121.45507,16.82772,2,LUZON,SN Aboitiz Power-Magat Inc.,SN Aboitiz Power-Magat Inc.,NON-NPC/IPP
CONCEPCION PH 1&2 BESS,ENERGY STORAGE SYSTEM (ESS),Battery ESS,68.8,50.0,"Barangay Sta Rosa, Municipality of Concepcion, Province of Tarlac",120.61323,15.38323,3,LUZON,SMGP BESS Power Inc.,SMGP BESS Power Inc.,NON-NPC/IPP
CEDC U1,COAL,Circulating Fluidized Bed (CFB) Coal,83.7,82.0,"Barangay Daanglusod, Toledo City, Cebu",123.64108,10.38721,7,VISAYAS,Global Business Power Corporation - Cebu Energy Development Corporation (GBPC-CEDC),Global Business Power Corporation - Cebu Energy Development Corporation (GBPC-CEDC),NON-NPC/IPP
CEDC U2,COAL,Circulating Fluidized Bed (CFB) Coal,83.7,82.0,"Barangay Daanglusod, Toledo City, Cebu",123.64108,10.38721,7,VISAYAS,Global Business Power Corporation - Cebu Energy Development Corporation (GBPC-CEDC),Global Business Power Corporation - Cebu Energy Development Corporation (GBPC-CEDC),NON-NPC/IPP
CEDC U3,COAL,Circulating Fluidized Bed (CFB) Coal,83.7,82.0,"Barangay Daanglusod, Toledo City, Cebu",123.64108,10.38721,7,VISAYAS,Global Business Power Corporation - Cebu Energy Development Corporation (GBPC-CEDC),KEPCO - Salcon Power Corporation (KSPC),NON-NPC/IPP
KSPC U1,COAL,Circulating Fluidized Bed (CFB) Coal,110.5,93.3,"Barangay Colon, Naga City, Cebu",123.7622,10.21817,7,VISAYAS,KEPCO - Salcon Power Corporation (KSPC),KEPCO - Salcon Power Corporation (KSPC),NON-NPC/IPP
KSPC U2,COAL,Circulating Fluidized Bed (CFB) Coal,110.5,93.3,"Barangay Colon, Naga City, Cebu",123.7622,10.21817,7,VISAYAS,KEPCO - Salcon Power Corporation (KSPC),KEPCO - Salcon Power Corporation (KSPC),NON-NPC/IPP
PEDC U1,COAL,Circulating Fluidized Bed (CFB) Coal,83.7,73.7,"Barangay Ingore, La Paz, Iloilo City, Iloilo",122.59355,10.72516,6,VISAYAS,Global Business Power Corporation - Panay Energy Development Corporation (GBPC-PEDC),Global Business Power Corporation - Panay Energy Development Corporation (GBPC-PEDC),NON-NPC/IPP
PEDC U2,COAL,Circulating Fluidized Bed (CFB) Coal,83.7,73.7,"Barangay Ingore, La Paz, Iloilo City, Iloilo",122.59355,10.72516,6,VISAYAS,Global Business Power Corporation - Panay Energy Development Corporation (GBPC-PEDC),Global Business Power Corporation - Panay Energy Development Corporation (GBPC-PEDC),NON-NPC/IPP
PEDC U3,COAL,Circulating Fluidized Bed (CFB) Coal,150.0,150.0,"Barangay Ingore, La Paz, Iloilo City, Iloilo",122.59726,10.7255,6,VISAYAS,Global Business Power Corporation - Panay Energy Development Corporation (GBPC-PEDC),Global Business Power Corporation - Panay Energy Development Corporation (GBPC-PEDC),NON-NPC/IPP
PCPC U1,COAL,Circulating Fluidized Bed (CFB) Coal,135.0,121.5,"Sitio Puntales, Barangay Nipa, Concepcion, Iloilo",123.12118,11.18754,6,VISAYAS,Palm Concepcion Power Corporation (PCPC),Palm Concepcion Power Corporation (PCPC),NON-NPC/IPP
TPC 1A Expansion,COAL,Circulating Fluidized Bed (CFB) Coal,83.7,82.0,"Barangay Daang-lusod, Toledo City, Cebu",123.6431,10.38687,7,VISAYAS,Global Business Power Corporation - Toledo Power Corporation (GBPC-TPC),Global Business Power Corporation - Toledo Power Corporation (GBPC-TPC),NON-NPC/IPP
TVI U1,COAL,Circulating Fluidized Bed (CFB) Coal,169.0,150.0,"Sitio Looc, Barangay Bato, Toledo City, Cebu",123.60153,10.35111,7,VISAYAS,"Therma Visayas, Inc. (TVI)","Therma Visayas, Inc. (TVI)",NON-NPC/IPP
TVI U2,COAL,Circulating Fluidized Bed (CFB) Coal,169.0,150.0,"Sitio Looc, Barangay Bato, Toledo City, Cebu",123.60153,10.35111,7,VISAYAS,"Therma Visayas, Inc. (TVI)","Therma Visayas, Inc. (TVI)",NON-NPC/IPP
AVON-NABAS,OIL-BASED,Bunker/Diesel Internal Combustion Engine,7.5,6.4,"Barangay Unidos, Nabas, Aklan",122.08297,11.84039,6,VISAYAS,Global Business Power Corporation - Panay Power Corporation (GBPC-PPC),Global Business Power Corporation - Panay Power Corporation (GBPC-PPC),NON-NPC/IPP
AVON-NEW WASHINGTON,OIL-BASED,Bunker/Diesel Internal Combustion Engine,5.0,4.2,"Barangay Mabilo, New Washington, Aklan",122.39075,11.67578,6,VISAYAS,Global Business Power Corporation - Panay Power Corporation,Global Business Power Corporation - Panay Power Corporation,NON-NPC/IPP
BOHOL DPP,OIL-BASED,Bunker/Diesel Internal Combustion Engine,22.1,16.0,"Dampas District, Tagbilaran City, Bohol",123.87454,9.64606,7,VISAYAS,SPC Island Power Corporation (SIPC),SPC Island Power Corporation (SIPC),NON-NPC/IPP
CALUMANGAN DPP,OIL-BASED,Bunker/Diesel Internal Combustion Engine,31.0,25.9,"Barangay Calumangan, Bago City, Negros Occidental",122.88667,10.5596,6,VISAYAS,"Central Negros Power Reliability, Inc. (CENPRI)","Central Negros Power Reliability, Inc. (CENPRI)",NON-NPC/IPP
PANAY DPP I,OIL-BASED,Bunker/Diesel Internal Combustion Engine,22.3,15.0,"Barangay Tabugon, Dingle, Iloilo",122.63141,11.02388,6,VISAYAS,SPC Island Power Corporation (SIPC),SPC Island Power Corporation (SIPC),NON-NPC/IPP
PANAY DPP III,OIL-BASED,Bunker/Diesel Internal Combustion Engine,58.3,50.0,"Barangay Tabugon, Dingle, Iloilo",122.63141,11.02388,6,VISAYAS,SPC Island Power Corporation (SIPC),SPC Island Power Corporation (SIPC),NON-NPC/IPP
PB 101,OIL-BASED,Bunker/Diesel Internal Combustion Engine Power Barge,32.0,24.0,"Obrero, Iloilo (Iloilo City, Iloilo)",122.59043,10.69844,6,VISAYAS,"More Power Barge, Inc.","More Power Barge, Inc.",NON-NPC/IPP
PB 103,OIL-BASED,Bunker/Diesel Internal Combustion Engine Power Barge,32.0,0.0,"Estancia, Iloilo (Lapu-Lapu City, Cebu)",122.59043,10.69844,6,VISAYAS,"AC Energy Philippines, Inc. (ACEPI) [formerly Phinma Energy Corporation]","AC Energy Philippines, Inc. (ACEPI) [formerly Phinma Energy Corporation]",NON-NPC/IPP
PB 104,OIL-BASED,Bunker/Diesel Internal Combustion Engine Power Barge,32.0,29.0,"Tapal Wharf, Ubay, Bohol",124.52632,10.05377,7,VISAYAS,SPC Power Corporation (SPC),SPC Power Corporation (SPC),NON-NPC/IPP
TPC (Carmen Station),OIL-BASED,Bunker/Diesel Internal Combustion Engine,45.8,40.0,"Daang-Lungsod, Toledo City, Cebu",123.64235,10.38705,7,VISAYAS,Global Business Power Corporation - Toledo Power Corporation (GBPC-TPC),Global Business Power Corporation - Toledo Power Corporation (GBPC-TPC),NON-NPC/IPP
TPVI DPP,OIL-BASED,Bunker/Diesel Internal Combustion Engine,44.6,40.6,"Barangay Colon, Naga, Cebu",123.75969,10.21768,7,VISAYAS,"Therma Power Visayas, Inc.","Therma Power Visayas, Inc.",NON-NPC/IPP
Isabel Modular Diesel Ancillary Service Power Plant,OIL-BASED,Modular Diesel,86.3,70.7,"Barangay Libertad, Isabel, Leyte",124.4443,10.8971,8,VISAYAS,Isabel Ancillary Services Co. Ltd. (IASCO),Isabel Ancillary Services Co. Ltd. (IASCO),NON-NPC/IPP
EAST ASIA UTILITIES (MEPZA),OIL-BASED,Bunker/Diesel Internal Combustion Engine,49.6,45.5,"Barrio Ibo, MEPZ, Lapu-Lapu City, (Cebu City), Cebu",123.98581,10.33351,7,VISAYAS,East Asia Utilities Corporation (EAUC),East Asia Utilities Corporation (EAUC),NON-NPC/IPP
ENERVANTAGE DPP,OIL-BASED,Bunker/Diesel Internal Combustion Engine,11.0,8.0,"Barangay Timpas, Panit-an, Capiz",122.75829,11.46871,6,VISAYAS,Enervantage Suppliers Co. Inc.,Enervantage Suppliers Co. Inc.,NON-NPC/IPP
CEBU PRIVATE POWER,OIL-BASED,Bunker/Diesel Internal Combustion Engine,70.0,64.0,"Old VECO Compound, Barangay Ermita, Carbon, Cebu City",123.89826,10.29012,7,VISAYAS,Cebu Private Power Corporation (CPPC),Cebu Private Power Corporation (CPPC),NON-NPC/IPP
CALBAYOG BCFDPP,OIL-BASED,Bunker-C Fired Diesel (BCFD),11.2,10.6,"Purok 1, Sitio Looc, Barangay Carayman, Calbayog City, Samar",124.64361,12.05551,8,VISAYAS,GT-Energy Corp. (GTEC),GT-Energy Corp. (GTEC),NON-NPC/IPP
DESCO NATURAL GAS,NATURAL GAS,Gas Engine,1.0,0.0,"Barangay Libertad, Bogo City, Cebu",124.0167,11.0333,7,VISAYAS,DESCO Inc.,DESCO Inc.,NON-NPC/IPP
CAB,BIOMASS,Bagasse-fired Cogeneration Plant,25.0,12.0,"Barangay Calasga-an, Bais City, Negros Oriental",123.09959,9.53881,7,VISAYAS,Central Azucarera de Bais (CAB),Central Azucarera de Bais (CAB),NON-NPC/IPP
CASA,BIOMASS,Bagasse-fired Cogeneration Plant,15.0,12.0,"Barangay Cadilang, Passi, Iloilo, Panay",122.62232,11.0887,6,VISAYAS,Central Azucarera De San Antonio Inc. (CASA),Central Azucarera De San Antonio Inc. (CASA),NON-NPC/IPP
FIRST FARMERS,BIOMASS,Bagasse-fired Cogeneration Plant,21.8,11.4,"Barangay Dos Hermanas, Talisay City, Negros Occidental",123.04405,10.73713,6,VISAYAS,First Farmers Holding Corporation (FFHC),First Farmers Holding Corporation (FFHC),NON-NPC/IPP
HPCo,BIOMASS,Bagasse-fired Cogeneration Plant,28.0,17.7,"Silay-Hawaiian Central, Silay City, Negros Occidental",123.00292,10.83082,6,VISAYAS,Hawaiian Philippines Company (HPCo),Hawaiian Philippines Company (HPCo),NON-NPC/IPP
SAN CARLOS BIOENERGY (SCBI),BIOMASS,Rice Husk-fired Cogeneration Plant,8.3,4.4,"San Carlos Ecozone, Barangay Palampas and Punao, San Carlos City, Negros Occidental",123.42115,10.51413,6,VISAYAS,"San Carlos Bioenergy, Inc. (SCBI)","San Carlos Bioenergy, Inc. (SCBI)",NON-NPC/IPP
SAN CARLOS BIOPOWER (SCBP),BIOMASS,Multi-feedstock Power Plant,20.0,18.0,"Circumferential Road, San Carlos Economic Zone II, Barangay Palampas, San Carlos City, Negros Occidental",123.41813,10.51173,6,VISAYAS,"San Carlos Biopower, Inc.","San Carlos Biopower, Inc.",NON-NPC/IPP
SOUTH NEGROS BIOPOWER,BIOMASS,Multi-feedstock Power Plant,25.0,22.4,"Barangay Cubay, La Carlota City, Negros Occidental",122.92853,10.42884,6,VISAYAS,"South Negros Biopower, Inc.","South Negros Biopower, Inc.",NON-NPC/IPP
NORTH NEGROS BIOPOWER,BIOMASS,Multi-feedstock Power Plant,25.0,22.4,"Barangay Sta. Teresa, Manapla, Negros Occidental",123.17562,10.94851,6,VISAYAS,"North Negros  Biopower, Inc.","North Negros  Biopower, Inc.",NON-NPC/IPP
URC,BIOMASS,Bagasse-fired Cogeneration Plant,46.0,20.0,"San Juan, Barangay Camuga, Kabankalan, Negros Occidental",122.81189,9.99075,6,VISAYAS,Universal Robina Corporation (URC),Universal Robina Corporation (URC),NON-NPC/IPP
VMC,BIOMASS,Bagasse-fired Cogeneration Plant,23.0,2.5,"VMC Compound, JJ Osorio St., Barangay XVI, Victorias City, Negros Occidental",123.06449,10.88123,6,VISAYAS,Victorias Milling Company Inc. (VMCI),Victorias Milling Company Inc. (VMCI),NON-NPC/IPP
VMC EXPANSION,BIOMASS,Bagasse-fired Cogeneration Plant,40.0,40.00,"Barangay XVI, Victorias City, Negros Occidental",123.07173,10.88055,6,VISAYAS,Victorias Milling Company Inc. (VMCI),Victorias Milling Company Inc. (VMCI),NON-NPC/IPP
BISCOM,BIOMASS,Bagasse-fired Cogeneration Plant,48.5,12.3,"Binalbagan, Himamaylan, Negros Occidental",122.86723,10.20015,6,VISAYAS,"BISCOM, Inc.","BISCOM, Inc.",NON-NPC/IPP
TONGONAN I GPP,GEOTHERMAL,Single Flash,123.0,115.4,"Barangay Tongonan, Kananga, Leyte",124.63716,11.1615,8,VISAYAS,Green Core Geothermal Inc. (GCGI),Green Core Geothermal Inc. (GCGI),NON-NPC/IPP
NASULO GPP,GEOTHERMAL,Single Flash,49.4,48.3,"Puhagan, Valencia, Negros Oriental",123.15321,9.28024,7,VISAYAS,Energy Development Corporation (EDC),Energy Development Corporation (EDC),NON-NPC/IPP
PALINPINON GPP,GEOTHERMAL,Single Flash,192.5,172.5,"Puhagan, Valencia, Negros Oriental",123.17272,9.29495,7,VISAYAS,Green Core Geothermal Inc. (GCGI),Green Core Geothermal Inc. (GCGI),NON-NPC/IPP
COSMO SOLAR,SOLAR,Ground Mounted Solar PVs,5.7,0.0,"Barangay Narat-an, Miag-ao, Iloilo",122.16762,10.61489,6,VISAYAS,"Cosmo Solar Energy, Inc.","Cosmo Solar Energy, Inc.",NON-NPC/IPP
FIRST TOLEDO SOLAR,SOLAR,Ground Mounted Solar PVs,60.0,48.0,"Hacienda Baltao, Talavera, Toledo, Cebu",123.67377,10.41514,7,VISAYAS,"Citicore Solar Cebu, Inc.","Citicore Solar Cebu, Inc.",NON-NPC/IPP
HELIOS,SOLAR,Ground Mounted Solar PVs,132.5,108.0,"Brgy., Tinampa-an Cadiz City, Negros Occidental",123.29729,10.92422,6,VISAYAS,Helios Solar Energy Corporation (HSEC),Helios Solar Energy Corporation (HSEC),NON-NPC/IPP
ISLASOL II,SOLAR,Ground Mounted Solar PVs,32.0,24.7,"Barangay Cubay, La Carlota City, Negros Occidental",122.93249,10.44392,6,VISAYAS,Negros Island Solar Power Inc. (ISLASOL),Negros Island Solar Power Inc. (ISLASOL),NON-NPC/IPP
ISLASOL III,SOLAR,Ground Mounted Solar PVs,48.0,33.9,"Barangay Sta. Teresa, Manapla, Negros Occidental",123.167,10.943,6,VISAYAS,Negros Island Solar Power Inc. (ISLASOL),Negros Island Solar Power Inc. (ISLASOL),NON-NPC/IPP
MONTESOL,SOLAR,Ground Mounted Solar PVs,18.0,13.2,"Barangay Tamisu, Bais City, Negros Oriental",123.09712,9.6348,7,VISAYAS,Monte Solar Energy Inc. (MONTESOL),Monte Solar Energy Inc. (MONTESOL),NON-NPC/IPP
SACASOL I - A,SOLAR,Ground Mounted Solar PVs,13.0,9.3,"Barangay Punao, San Carlos, Negros Occidental",123.4351,10.5161,6,VISAYAS,San Carlos Solar Energy Inc. (SACASOL),San Carlos Solar Energy Inc. (SACASOL),NON-NPC/IPP
SACASOL I - B,SOLAR,Ground Mounted Solar PVs,9.0,4.4,"Barangay Punao, San Carlos, Negros Occidental",123.4351,10.5161,6,VISAYAS,San Carlos Solar Energy Inc. (SACASOL),San Carlos Solar Energy Inc. (SACASOL),NON-NPC/IPP
SACASOL I - C & D,SOLAR,Ground Mounted Solar PVs,23.0,17.1,"Barangay Punao, San Carlos, Negros Occidental",123.4307,10.523,6,VISAYAS,San Carlos Solar Energy Inc. (SACASOL),San Carlos Solar Energy Inc. (SACASOL),NON-NPC/IPP
SACASUN,SOLAR,Ground Mounted Solar PVs,46.8,13.7,"Ecozone Blvd., San Carlos Ecozone, Barangay Punao, San Carlos, Negros Occidental",123.4255,10.51457,6,VISAYAS,San Carlos Sun Power Inc. (SACASUN),San Carlos Sun Power Inc. (SACASUN),NON-NPC/IPP
SEPALCO,SOLAR,Ground Mounted Solar PVs,50.0,10.1,"Barangay Castilla, Palo, Leyte",124.91736,11.13685,8,VISAYAS,"Sulu Electric Power and Light (Phils.), Inc. (SEPALCO)","Sulu Electric Power and Light (Phils.), Inc. (SEPALCO)",NON-NPC/IPP
SILAY SOLAR,SOLAR,Ground Mounted Solar PVs,25.0,20.0,"Barangay Rizal, Silay City, Negros Occidental",122.99254,10.80569,6,VISAYAS,"Citicore Solar Negros Occidental, Inc.(formerly: Silay Solar Power, Inc.)","Citicore Solar Negros Occidental, Inc.(formerly: Silay Solar Power, Inc.)",NON-NPC/IPP
SOLEQ,SOLAR,Ground Mounted Solar PVs,24.5,24.5,"Barangay Dolores, Ormoc, Leyte",124.63437,11.08722,8,VISAYAS,First Solar Energy Corp (formerly: First Soleq Energy Corporation),First Solar Energy Corp (formerly: First Soleq Energy Corporation),NON-NPC/IPP
JANOPOL HEPP,HYDROELECTRIC,Run-of-River type HEPP,5.0,0.0,"Sto. Niño, Balilihan, Bohol",124.05942,9.77602,7,VISAYAS,Bohol I Electric Cooperative Inc. (BOHECO I),Bohol I Electric Cooperative Inc. (BOHECO I),NON-NPC/IPP
VILLASIGA HEPP,HYDROELECTRIC,Run-of-River type HEPP,8.1,6.3,"Barangay Igsoro, Bugasong, Antique",122.14723,11.16751,6,VISAYAS,Sunwest Water and Electric Company Inc. (SUWECO),Sunwest Water and Electric Company Inc. (SUWECO),NON-NPC/IPP
TUBIG HEPP,HYDROELECTRIC,Run-of-River type HEPP,15.9,15.9,"Taft, Eastern Samar & Hinabangan, Samar",125.090789,11.804722,8,VISAYAS,Taft Hydroenergy Corporation,Taft Hydroenergy Corporation,NON-NPC/IPP
TIMBABAN HEPP,HYDROELECTRIC,Run-of-River type HEPP,18.9,18.9,"Barangay Ma. Cristina, Madalag, Aklan",122.21608,11.54021,6,VISAYAS,Oriental Energy and Power Generation Inc.,Oriental Energy and Power Generation Inc.,NON-NPC/IPP
LOBOC HEPP,HYDROELECTRIC,Run-of-River type HEPP,1.2,1.2,"Barangay Gotozon, Loboc, Bohol",124.02908,9.66386,7,VISAYAS,Sta. Clara Power Corporation,Sta. Clara Power Corporation,NON-NPC/IPP
LOBOC HEPP 2,HYDROELECTRIC,Run-of-River type HEPP,1.2,0.0,"Barangay Gotozon, Loboc, Bohol",124.02908,9.66386,7,VISAYAS,Sta. Clara Power Corporation,Sta. Clara Power Corporation,NON-NPC/IPP
SEVILLA HEPP,HYDROELECTRIC,Run-of-River type HEPP,2.5,0.0,"Barangay Ewon, Sevilla, Bohol",124.04127,9.67888,7,VISAYAS,Bohol I Electric Cooperative Inc. (BOHECO I),Bohol I Electric Cooperative Inc. (BOHECO I),NON-NPC/IPP
AMLAN HEPP,HYDROELECTRIC,Run-of-River type HEPP,0.8,0.8,"Sitio Pasalan, Barangay Silab, Amlan, Negros Oriental",123.16622,9.37702,7,VISAYAS,ICS Renewables Inc.,ICS Renewables Inc.,NON-NPC/IPP
BASAK,HYDROELECTRIC,Run-of-River type HEPP,0.5,0.5,"Basak, Badian, Cebu",123.41192,9.84376,7,VISAYAS,"Cebu I Electric Cooperative, Inc. (CEBECO I)","Cebu I Electric Cooperative, Inc. (CEBECO I)",NON-NPC/IPP
MANTAYUPAN,HYDROELECTRIC,Run-of-River type HEPP,0.5,0.5,"Mantayupan, Barili, Cebu",123.53419,10.10173,7,VISAYAS,"Cebu I Electric Cooperative, Inc. (CEBECO I)","Cebu I Electric Cooperative, Inc. (CEBECO I)",NON-NPC/IPP
MATUTINAO,HYDROELECTRIC,Run-of-River type HEPP,0.7,0.0,"Matutinao, Badian, Cebu",123.3745,9.80441,7,VISAYAS,"Cebu I Electric Cooperative, Inc. (CEBECO I)","Cebu I Electric Cooperative, Inc. (CEBECO I)",NON-NPC/IPP
NABAS WIND Ph1,WIND,On-shore Wind Turbine,36.0,21.0,"Barangay Pawa, Nabas, Aklan",121.98588,11.8798,6,VISAYAS,PetroWind Energy Inc. (PWEI),PetroWind Energy Inc. (PWEI),NON-NPC/IPP
TAREC,WIND,On-shore Wind Turbine,54.0,54.0,"Barangay Sucluran, San Lorenzo, Guimaras",122.69227,10.59068,6,VISAYAS,Guimaras Wind Power Corporation,AC Energy Philippines,NON-NPC/IPP
KABANKALAN BESS,ENERGY STORAGE SYSTEM (ESS),Lithium-Ion BESS,22.5,22.5,"Barangay Binucuil, Kabankalan, Negros Occidental",122.84757,10.01925,6,VISAYAS,SMCGP Philippines Energy Storage Co. Ltd.,SMCGP Philippines Energy Storage Co. Ltd.,NON-NPC/IPP
KABANKALAN PH2 BESS,ENERGY STORAGE SYSTEM (ESS),Lithium-Ion BESS,12.2,12.2,"Barangay Binucuil, Kabankalan, Negros Occidental",122.84757,10.01925,6,VISAYAS,SMCGP Philippines Energy Storage Co. Ltd.,SMCGP Philippines Energy Storage Co. Ltd.,NON-NPC/IPP
TOLEDO BESS,ENERGY STORAGE SYSTEM (ESS),Battery ESS,23.7,23.7,"Barangay Calong-Calong, Toledo City, Cebu",123.66838,10.41545,7,VISAYAS,SMGP BESS Power Inc.,SMGP BESS Power Inc.,NON-NPC/IPP
UBAY BESS,ENERGY STORAGE SYSTEM (ESS),Battery ESS,23.3,23.3,"Barangay Imelda, Ubay, Bohol",124.51331,10.02597,7,VISAYAS,SMGP BESS Power Inc.,SMGP BESS Power Inc.,NON-NPC/IPP
ORMOC PH 1 BESS,ENERGY STORAGE SYSTEM (ESS),Battery ESS,23.7,20.0,"Barangay Milagro, Municipality of Ormoc, Province of Leyte",124.64432,11.09006,8,VISAYAS,SMGP BESS Power Inc.,SMGP BESS Power Inc.,NON-NPC/IPP
ORMOC PH 2 BESS,ENERGY STORAGE SYSTEM (ESS),Battery ESS,23.7,20.0,"Barangay Milagro, Municipality of Ormoc, Province of Leyte",124.64432,11.09006,8,VISAYAS,SMGP BESS Power Inc.,SMGP BESS Power Inc.,NON-NPC/IPP
FDC MISAMIS U1,COAL,Circulating Fluidized Bed (CFB) Coal,135.0,123.0,"Barangay Balacanas, Tambobong, PHIVIDEC,Villanueva,Misamis Oriental",124.74795,8.56127,10,MINDANAO,"Filinvest Development Corporation (FDC) Utilities, Inc.","Filinvest Development Corporation (FDC) Utilities, Inc.",NON-NPC/IPP
FDC MISAMIS U2,COAL,Circulating Fluidized Bed (CFB) Coal,135.0,123.0,"Barangay Balacanas, Tambobong, PHIVIDEC,Villanueva,Misamis Oriental",124.74795,8.56127,10,MINDANAO,"Filinvest Development Corporation (FDC) Utilities, Inc.","Filinvest Development Corporation (FDC) Utilities, Inc.",NON-NPC/IPP
FDC MISAMIS U3,COAL,Circulating Fluidized Bed (CFB) Coal,135.0,123.0,"Barangay Balacanas, Tambobong, PHIVIDEC,Villanueva,Misamis Oriental",124.74795,8.56127,10,MINDANAO,"Filinvest Development Corporation (FDC) Utilities, Inc.","Filinvest Development Corporation (FDC) Utilities, Inc.",NON-NPC/IPP
MINDANAO COAL U1,COAL,Pulverized Sub Critical Coal,116.0,105.0,"Barangay Balacanas, Tambobong, PHIVIDEC,Villanueva,Misamis Orriental",124.75812,8.57198,10,MINDANAO,STEAG State Power Inc. (SPI),Power Sector Assets and Liabilities Management Corporation (PSALM),NPC-IPP
MINDANAO COAL U2,COAL,Pulverized Sub Critical Coal,116.0,105.0,"Barangay Balacanas, Tambobong, PHIVIDEC,Villanueva,Misamis Orriental",124.75812,8.57198,10,MINDANAO,STEAG State Power Inc. (SPI),Power Sector Assets and Liabilities Management Corporation (PSALM),NPC-IPP
SEC U2,COAL,Circulating Fluidized Bed (CFB) Coal,118.5,105.0,"Sitio Tampuan, Barangay Kamanga, Maasim, Sarangani",125.08023,5.86856,12,MINDANAO,Sarangani Energy Corporation (SEC),Sarangani Energy Corporation (SEC),NON-NPC/IPP
THERMA SOUTH U1,COAL,Circulating Fluidized Bed (CFB) Coal,150.0,130.0,"Barangay Binugao, Davao City/ Sta. Cruz, Davao Del Sur",125.47905,6.96576,11,MINDANAO,Therma South Inc. (TSI),Therma South Inc. (TSI),NON-NPC/IPP
THERMA SOUTH U2,COAL,Circulating Fluidized Bed (CFB) Coal,150.0,130.0,"Barangay Binugao, Davao City/ Sta. Cruz, Davao Del Sur",125.47942,6.96466,11,MINDANAO,Therma South Inc. (TSI),Therma South Inc. (TSI),NON-NPC/IPP
GNPOWER KAUSAWAGAN U1,COAL,Circulating Fluidized Bed (CFB) Coal,151.0,138.0,"Barangay Libertad, Kauswagan, Lanao Del Norte",124.11782,8.18576,10,MINDANAO,GNPower Kauswagan Ltd. Co.,GNPower Kauswagan Ltd. Co.,NON-NPC/IPP
GNPOWER KAUSAWAGAN U2,COAL,Circulating Fluidized Bed (CFB) Coal,151.0,138.0,"Barangay Libertad, Kauswagan, Lanao Del Norte",124.11782,8.18576,10,MINDANAO,GNPower Kauswagan Ltd. Co.,GNPower Kauswagan Ltd. Co.,NON-NPC/IPP
GNPOWER KAUSAWAGAN U3,COAL,Circulating Fluidized Bed (CFB) Coal,151.0,138.0,"Barangay Libertad, Kauswagan, Lanao Del Norte",124.11782,8.18576,10,MINDANAO,GNPower Kauswagan Ltd. Co.,GNPower Kauswagan Ltd. Co.,NON-NPC/IPP
GNPOWER KAUSAWAGAN U4,COAL,Circulating Fluidized Bed (CFB) Coal,151.0,138.0,"Barangay Libertad, Kauswagan, Lanao Del Norte",124.11782,8.18576,10,MINDANAO,GNPower Kauswagan Ltd. Co.,GNPower Kauswagan Ltd. Co.,NON-NPC/IPP
MPC Balingasag Power Station U1,COAL,Circulating Fluidized Bed (CFB) Coal,55.0,50.0,"Barangay Mandagoa, Balingasag, Misamis Oriental",124.7677,8.76635,10,MINDANAO,Minergy Power Corporation,Minergy Power Corporation,NON-NPC/IPP
MPC Balingasag Power Station U2,COAL,Circulating Fluidized Bed (CFB) Coal,55.0,50.0,"Barangay Mandagoa, Balingasag, Misamis Oriental",124.7677,8.76635,10,MINDANAO,Minergy Power Corporation,Minergy Power Corporation,NON-NPC/IPP
MPC Balingasag Power Station U3,COAL,Circulating Fluidized Bed (CFB) Coal,55.0,50.0,"Barangay Mandagoa, Balingasag, Misamis Oriental",124.7677,8.76635,10,MINDANAO,Minergy Power Corporation,Minergy Power Corporation,NON-NPC/IPP
SEC U1,COAL,Circulating Fluidized Bed (CFB) Coal,118.5,105.0,"Barangay Kamanga, Maasim, Sarangani",125.08029,5.86841,12,MINDANAO,Sarangani Energy Corporation (SEC),Sarangani Energy Corporation (SEC),NON-NPC/IPP
PSPE,COAL,Circulating Fluidized Bed (CFB) Coal,25.0,20.0,"Barangay Kiwalan, Iligan City, Lanao Del Norte",124.26455,8.28521,10,MINDANAO,Powersource Philippines Energy Inc. (PSPE),Powersource Philippines Energy Inc. (PSPE),NON-NPC/IPP
KEGI - JIMENEZ,OIL-BASED,Bunker/Diesel Internal Combustion Engine,16.2,15.5,"Barangay San Isidro, Brgy. San Isidro, Jimenez",123.76293,8.32284,10,MINDANAO,King Energy Generation Inc. (KEGI),King Energy Generation Inc. (KEGI),NON-NPC/IPP
KEGI - PANAON,OIL-BASED,Bunker/Diesel Internal Combustion Engine,15.7,15.0,"Barangay Map-an, Panaon, Ozamis City, Misamis Occ.",123.83225,8.37236,10,MINDANAO,King Energy Generation Inc. (KEGI),King Energy Generation Inc. (KEGI),NON-NPC/IPP
KEGI - TANDAG,OIL-BASED,Bunker/Diesel Internal Combustion Engine,7.8,7.5,"Barangay Telaje, Tandag, Surigao del Sur",126.18785,9.05762,13,MINDANAO,King Energy Generation Inc. (KEGI),King Energy Generation Inc. (KEGI),NON-NPC/IPP
MPC - Iligan DPP,OIL-BASED,Bunker/Diesel Internal Combustion Engine,114.4,41.9,"Sitio Mapalad, Barangay Dalipuga, Dalipuga, Iligan City, Lanao del Norte",124.25523,8.32787,10,MINDANAO,Mapalad Power Corporation (MPC),Mapalad Power Corporation (MPC),NON-NPC/IPP
SPPC,OIL-BASED,Bunker/Diesel Internal Combustion Engine,61.7,55.0,"Barangay Baluntay, Alabel, Sarangani",125.25984,6.12963,12,MINDANAO,Southern Philippines Power Corp. (SPPC),Southern Philippines Power Corp. (SPPC),NON-NPC/IPP
TMI 1,OIL-BASED,Bunker/Diesel Internal Combustion Engine Power Barge,100.0,96.0,"Barangay San Roque, Maco, Davao del Norte",125.8533,7.34992,11,MINDANAO,Therma Marine Inc. (TMI),Therma Marine Inc. (TMI),NON-NPC/IPP
TMI 2,OIL-BASED,Bunker/Diesel Internal Combustion Engine Power Barge,100.0,96.0,"Barangay Sta. Ana, Nasipit, Agusan del Norte",125.8533,7.34992,13,MINDANAO,Therma Marine Inc. (TMI),Therma Marine Inc. (TMI),NON-NPC/IPP
WMPC,OIL-BASED,Bunker/Diesel Internal Combustion Engine,112.0,101.7,"Malasugat, Barangay Sangali, Sangali, Zamboanga City, Zamboanga, del Sur",122.21394,7.0818,9,MINDANAO,Western Mindanao Power Corporation (WMPC),Western Mindanao Power Corporation (WMPC),NON-NPC/IPP
MATI BUNKER-C*,OIL-BASED,Bunker/Diesel Internal Combustion Engine,11.0,11.0,"Libudon Road, Lower Dawan, Mati City, Davao Oriental",126.15493,7.01192,11,MINDANAO,Supreme Power Corporation (SPC),Supreme Power Corporation (SPC),NON-NPC/IPP
BPC DPP,OIL-BASED,Bunker/Diesel Internal Combustion Engine,7.3,6.4,"National Highway, Barangay Barandias, Municipality of Pangantucan, Province of Bukidnon",124.77731,7.81936,10,MINDANAO,Bukidnon Power Corporation (BPC),Bukidnon Power Corporation (BPC),NON-NPC/IPP
COTABATO LIGHT,OIL-BASED,Bunker/Diesel Internal Combustion Engine,9.6,4.3,"Sinsuat Avenue, Cotabato City, Maguindanao",124.24506,7.21763,BARMM,MINDANAO,Cotabato Light and Power Company (CLPC),Cotabato Light and Power Company (CLPC),NON-NPC/IPP
KEGI - BUKIDNON,OIL-BASED,Bunker/Diesel Internal Combustion Engine,3.2,3.0,"Barangay Puntian,Valencia City, Bukidnon",125.01622,7.98935,10,MINDANAO,King Energy Generation Inc. (KEGI),King Energy Generation Inc. (KEGI),NON-NPC/IPP
KEGI - CAMIGUIN,OIL-BASED,Bunker/Diesel Internal Combustion Engine,4.1,4.0,"Barangay Maubog, Balbagon, Mambajao, Camiguin",124.73763,9.22962,10,MINDANAO,King Energy Generation Inc. (KEGI),King Energy Generation Inc. (KEGI),NON-NPC/IPP
KEGI - MARAMAG,OIL-BASED,Bunker/Diesel Internal Combustion Engine,7.8,7.5,"Barangay Dologon, Maramag , Bukidnon",125.05818,7.83676,10,MINDANAO,King Energy Generation Inc. (KEGI),King Energy Generation Inc. (KEGI),NON-NPC/IPP
KEGI - MISAMIS OR.,OIL-BASED,Bunker/Diesel Internal Combustion Engine,10.6,10.0,"Barangay San Luis, Gingoong, Misamis Oriental",125.04577,8.87102,10,MINDANAO,King Energy Generation Inc. (KEGI),King Energy Generation Inc. (KEGI),NON-NPC/IPP
MEGC,OIL-BASED,Bunker/Diesel Internal Combustion Engine,15.0,12.8,"Sitio Mapalad, Barangay Dalipuga, Iligan City, Lanao del Norte",124.24706,8.23658,10,MINDANAO,Mapalad Energy Generation Corp. (MEGC),Mapalad Energy Generation Corp. (MEGC),NON-NPC/IPP
MINERGY DPP 1,OIL-BASED,Bunker/Diesel Internal Combustion Engine,18.9,18.0,"Barangay Tablon, Cagayan de Oro City, Misamis Oriental",124.72507,8.47689,10,MINDANAO,"Mindanao Energy Systems, Inc. (MINERGY)","Mindanao Energy Systems, Inc. (MINERGY)",NON-NPC/IPP
MINERGY DPP 2,OIL-BASED,Bunker/Diesel Internal Combustion Engine,27.4,26.0,"Barangay Tablon, Cagayan de Oro City, Misamis Oriental",124.72507,8.47689,10,MINDANAO,"Mindanao Energy Systems, Inc. (MINERGY)","Mindanao Energy Systems, Inc. (MINERGY)",NON-NPC/IPP
NAC DPP,OIL-BASED,Bunker/Diesel Internal Combustion Engine,10.9,8.2,"Km. 10, Barangay Quezon, Surigao City, Surigao del Norte",125.48277,9.76992,13,MINDANAO,Nickel Asia Corporation (NAC),Nickel Asia Corporation (NAC),NON-NPC/IPP
NBPC DPP,OIL-BASED,Bunker/Diesel Internal Combustion Engine,6.2,5.0,"Barangay Bugcaon, Lantapan, Bukidnon",125.12141,8.04704,10,MINDANAO,North Bukidnon Power Corporation (NBPC),North Bukidnon Power Corporation (NBPC),NON-NPC/IPP
PACERM-1,OIL-BASED,Bunker/Diesel Internal Combustion Engine,10.5,10.5,"Barangay Quibonbon, El Salvador City, Misamis Oriental",124.51479,8.56619,10,MINDANAO,PACERM-1 Energy Corporation,PACERM-1 Energy Corporation,NON-NPC/IPP
PBI,OIL-BASED,Bunker/Diesel Internal Combustion Engine,10.4,10.2,"Purok 3, Barangay Alae, Manolo Fortich, Bukidnon",124.82106,8.41553,10,MINDANAO,Peak Power Bukidnon. Inc. (PBI),Peak Power Bukidnon. Inc. (PBI),NON-NPC/IPP
PSC,OIL-BASED,Waste Heat Recovery System,34.9,32.7,"Barangay Balacanas, Tambobong, PHIVIDEC,Villanueva,Misamis Orriental",124.76898,8.57114,10,MINDANAO,Philippine Sinter Corporation (PSC),Philippine Sinter Corporation (PSC),NON-NPC/IPP
PSFI,OIL-BASED,Bunker/Diesel Internal Combustion Engine,5.2,5.0,"ASELCO Compound, Barangay San Isidro, San Francisco, Agusan del Sur",125.97358,8.48544,13,MINDANAO,Peak Power San Francisco (PSFI),Peak Power San Francisco (PSFI),NON-NPC/IPP
PSFI 2,OIL-BASED,Bunker/Diesel Internal Combustion Engine,5.2,5.0,"ASELCO Compound, Barangay San Isidro, San Francisco, Agusan del Sur",125.97358,8.48544,13,MINDANAO,Peak Power San Francisco (PSFI),Peak Power San Francisco (PSFI),NON-NPC/IPP
PSI,OIL-BASED,Bunker/Diesel Internal Combustion Engine,20.9,19.6,"SOCOTECO II Compound, Barangay Apopong, General Santos City, South Cotabato",125.14265,6.1316,12,MINDANAO,"Peak Power Soccsargen, Inc. (PSI)","Peak Power Soccsargen, Inc. (PSI)",NON-NPC/IPP
PSI 2,OIL-BASED,Bunker/Diesel Internal Combustion Engine,13.9,13.9,"SOCOTECO II Compound, Barangay Apopong, General Santos City, South Cotabato",125.14265,6.1316,12,MINDANAO,"Peak Power Soccsargen, Inc. (PSI)","Peak Power Soccsargen, Inc. (PSI)",NON-NPC/IPP
SPC - KORONADAL,OIL-BASED,Bunker/Diesel Internal Combustion Engine,11.9,11.9,"Purok Garfin, Barangay Paraiso, Koronadal, South Cotabato",124.7888,6.57182,12,MINDANAO,Supreme Power Corporation (SPC),Supreme Power Corporation (SPC),NON-NPC/IPP
TPI DPP,OIL-BASED,Bunker/Diesel Internal Combustion Engine,4.4,3.0,"Sagadan, Barangay Poblacion, Tubod, Lanao del Norte",123.79208,8.04061,10,MINDANAO,Bussbarr Corporation,"Total Power, Inc.",NON-NPC/IPP
ZAMCELCO DPP,OIL-BASED,Bunker/Diesel Internal Combustion Engine,16.0,16.0,"ZAMCELCO Complex, MCLL Highway, Zamboanga City",122.09329,6.93654,9,MINDANAO,"Zamboanga City Electric Cooperative, Inc. (ZAMCELCO)","Zamboanga City Electric Cooperative, Inc. (ZAMCELCO)",NON-NPC/IPP
IGACOS MODULAR DPPs,BIOMASS,Bagasse-fired Cogeneration Plant,15.0,13.5,"Lamsan Industrial Complex, Barangay Crossing Simuay, Sultan Kudarat, Maguindanao",124.30216,7.27598,ARMM,MINDANAO,Lamsan Power Corporation (LPC),Lamsan Power Corporation (LPC),NON-NPC/IPP
GEEC,BIOMASS,Biomass Cogeneration Power Plant,3.5,0.00,"Barangay Poblacion, Buluan, Maguindanao",124.78071,6.70982,ARMM,MINDANAO,Green Earth Enersource Corporation (GEEC),Green Earth Enersource Corporation (GEEC),NON-NPC/IPP
BFI (Biomass),BIOMASS,Biomass Cogeneration Power Plant,5.96,3.5,"Barangay Dumadalig, Tantangan, South Cotabato",124.75408,6.58036,12,MINDANAO,"Biotech Farms, Inc. (BFI)","Biotech Farms, Inc. (BFI)",NON-NPC/IPP
BFI (Biogas),BIOMASS,Biogas Power Plant,12.39,6.4,"Banga, South Cotabato",124.80226,6.46063,12,MINDANAO,"Biotech Farms, Inc. (BFI)","Biotech Farms, Inc. (BFI)",NON-NPC/IPP
CSCI,BIOMASS,Bagasse-fired Cogeneration Plant,35.90,0.0,"Barangay North Poblacion, Maramag, Bukidnon",125.0236,7.7637,10,MINDANAO,"Crystal Sugar Company, Inc.","Crystal Sugar Company, Inc.",NON-NPC/IPP
SPGI,BIOMASS,Rice Husk-Fired Biomass Power Plant,6.23,5.3,"Barangay Centralla, Surallah, South Cotabato",124.7599,6.33984,12,MINDANAO,Surallah Power Generation Inc.,Surallah Power Generation Inc.,NON-NPC/IPP
LPEC,BIOMASS,Rice Husk-Fired Biomass Power Plant,6.00,5.3,"Barangay Commonwealth, Aurora, Zamboanga del Sur",123.53892,7.97369,9,MINDANAO,Libertad Power and Energy Corporation (LPEC),Libertad Power and Energy Corporation (LPEC),NON-NPC/IPP
CSCCI COGEN PLANT,BIOMASS,Biomass Cogeneration Power Plant,9.90,3.4,"Barangay Kilada, Matalam, North Cotabato",124.89187,7.11229,12,MINDANAO,Cotabato Sugar Central Company Inc.,Cotabato Sugar Central Company Inc.,NON-NPC/IPP
MT APO - EDC GPP,GEOTHERMAL,Single Flash,108.5,103.3,"Barangay Ilomavis, Kidapawan, North Cotabato",125.21985,7.01296,12,MINDANAO,Energy Development Corp. (EDC),"Filinvest Development Corporation (FDC) Utilities, Inc.",NON-NPC/IPP
Mindanao 3 (M3) Binary Geothermal Plant,GEOTHERMAL,Binary,3.7,3.0,"Barangay Ilomavis, Kidapawan, North Cotabato",125.21985,7.01296,12,MINDANAO,Energy Development Corp. (EDC),Energy Development Corp. (EDC),NON-NPC/IPP
DIGOS,SOLAR,Ground Mounted Solar Photovoltaic System,28.6,23.8,"Barangay San Roque, DigosCity, Davao del Sur",125.28504,6.77059,11,MINDANAO,"Alterpower Digos Solar, Inc.","Alterpower Digos Solar, Inc.",NON-NPC/IPP
KIBAWE,SOLAR,Ground Mounted Solar Photovoltaic System,10.5,8.2,"Barangay Labuagon, Kibawe, Bukidnon",124.97133,7.56063,10,MINDANAO,Asian Greenergy Corporation,Asian Greenergy Corporation,NON-NPC/IPP
CENTRALLA,SOLAR,Ground Mounted Solar PVs,6.2,2.6,"Barangay Centralla, Surallah, South Cotabato",124.74309,6.3333,12,MINDANAO,"Citicore Solar South Cotabato, Inc. (formerly: nv vogt Philippines Solar Energy One, Inc.)","Citicore Solar South Cotabato, Inc. (formerly: nv vogt Philippines Solar Energy One, Inc.)",NON-NPC/IPP
CEPALCO,SOLAR,Ground Mounted Solar PVs,1.0,0.2,"Sitio Lomboy, Indahag Road, Cagayan de Oro, Misamis Oriental",124.62316,8.44732,10,MINDANAO,Cagayan Electric Power and Light Company (CEPALCO),Cagayan Electric Power and Light Company (CEPALCO),NON-NPC/IPP
KIRAHON,SOLAR,Ground Mounted Solar PVs,12.5,10.0,"Sitio Kirahon, Villanueva, Misamis Oriental",124.78725,8.55613,10,MINDANAO,Kirahon Solar Energy Corporation (KSEC),Kirahon Solar Energy Corporation (KSEC),NON-NPC/IPP
AGUS 1,HYDROELECTRIC,Dam-type HEPP,80.5,70.0,"Barangay Saber, Marawi City, Lanao del Sur",124.28638,8.0041,ARMM,MINDANAO,National Power Corporation-Mindanao Generation (NPC-MinGen),Power Sector Assets and Liabilities Management Corporation (PSALM),NPC
AGUS 2,HYDROELECTRIC,Dam-type HEPP,180.0,120.0,"Barangay Pawak, Saguiaran, Lanao del Sur",124.27334,8.0498,ARMM,MINDANAO,National Power Corporation-Mindanao Generation (NPC-MinGen),Power Sector Assets and Liabilities Management Corporation (PSALM),NPC
AGUS 4,HYDROELECTRIC,Dam-type HEPP,158.1,150.0,"Barangay Nangka, Balo-I, Lanao del Norte",124.20279,8.13534,10,MINDANAO,National Power Corporation-Mindanao Generation (NPC-MinGen),Power Sector Assets and Liabilities Management Corporation (PSALM),NPC
AGUS 5,HYDROELECTRIC,Dam-type HEPP,55.0,52.0,"Barangay Ditucalan, Buru-un, Iligan City, Lanao del Norte",124.19529,8.17019,10,MINDANAO,National Power Corporation-Mindanao Generation (NPC-MinGen),Power Sector Assets and Liabilities Management Corporation (PSALM),NPC
AGUS 6,HYDROELECTRIC,Dam-type HEPP,219.0,175.0,"Barangay Fuentes, Buru-un, Iligan City, Lanao del Norte",124.19261,8.18502,10,MINDANAO,National Power Corporation-Mindanao Generation (NPC-MinGen),Power Sector Assets and Liabilities Management Corporation (PSALM),NPC
AGUS 7,HYDROELECTRIC,Dam-type HEPP,54.0,52.0,"Barangay Maria Cristina, Buru-un, Iligan City, Lanao del Norte",124.19176,8.19325,10,MINDANAO,National Power Corporation-Mindanao Generation (NPC-MinGen),Power Sector Assets and Liabilities Management Corporation (PSALM),NPC
PULANGI 4,HYDROELECTRIC,Run-of-River type HEPP,255.0,225.0,"Kiuntod, Camp I, Maramag, Bukidnon",125.02359,7.78667,10,MINDANAO,National Power Corporation-Mindanao Generation (NPC-MinGen),Power Sector Assets and Liabilities Management Corporation (PSALM),NPC
MANOLO FORTICH U1,HYDROELECTRIC,Run-of-River type HEPP,45.9,43.4,"Barangay Santiago, Manolo Fortich, Bukidnon",124.98244,8.43063,10,MINDANAO,"Hydro Electric Development Corporation (HEDCOR) Bukidnon, Inc.","Hydro Electric Development Corporation (HEDCOR) Bukidnon, Inc.",NON-NPC/IPP
MANOLO FORTICH U2,HYDROELECTRIC,Run-of-River type HEPP,27.4,25.4,"Barangay Damilag, Santiago, Manolo Fortich, Bukidnon",124.91992,8.41657,10,MINDANAO,"Hydro Electric Development Corporation (HEDCOR) Bukidnon, Inc.","Hydro Electric Development Corporation (HEDCOR) Bukidnon, Inc.",NON-NPC/IPP
SIBULAN A,HYDROELECTRIC,Run-of-River type HEPP,16.3,16.3,"Barangay Sibulan, Santa Cruz, Davao del Sur",125.37146,6.96381,11,MINDANAO,Hydro Electric Development Corporation (HEDCOR) Sibulan Inc.,Hydro Electric Development Corporation (HEDCOR) Sibulan Inc.,NON-NPC/IPP
SIBULAN B,HYDROELECTRIC,Run-of-River type HEPP,26.3,26.3,"Barangay Darong, Santa Cruz, Davao del Sur",125.44091,6.94073,11,MINDANAO,Hydro Electric Development Corporation (HEDCOR) Sibulan Inc.,Hydro Electric Development Corporation (HEDCOR) Sibulan Inc.,NON-NPC/IPP
TUDAYA 2,HYDROELECTRIC,Run-of-River type HEPP,8.1,8.0,"Barangay Sibulan, Sta. Cruz, Davao del Sur",125.46716,6.92951,11,MINDANAO,Hydro Electric Development Corporation (HEDCOR) Tudaya Inc.,Hydro Electric Development Corporation (HEDCOR) Tudaya Inc.,NON-NPC/IPP
BUBUNAWAN,HYDROELECTRIC,Run-of-River type HEPP,6.6,6.5,"Barangay Imbatug, Baungon,Bukidnon",124.69724,8.31243,10,MINDANAO,"Bubunawan Power Company, Inc. (BPC)","Bubunawan Power Company, Inc. (BPC)",NON-NPC/IPP
CABULIG HEP,HYDROELECTRIC,Run-of-River type HEPP,9.2,8.3,"Barangay Plaridel, Claveria, Misamis Oriental",124.97271,8.678782,10,MINDANAO,Mindanao Energy Systems (MINERGY),Mindanao Energy Systems (MINERGY),NON-NPC/IPP
TUDAYA 1,HYDROELECTRIC,Run-of-River type HEPP,6.6,6.6,"Barangay Sibulan, Sta. Cruz, Davao del Sur",125.34802,6.95709,11,MINDANAO,Hydro Electric Development Corporation (HEDCOR) Tudaya Inc.,Hydro Electric Development Corporation (HEDCOR) Tudaya Inc.,NON-NPC/IPP
ASIGA,HYDROELECTRIC,Run-of-River type HEPP,8.0,7.9,"P-4 Barangay Pangaylan Santiago, Agusan Del Norte",125.583,9.26448,13,MINDANAO,Asiga Green Energy Corporation (AGEC),Asiga Green Energy Corporation (AGEC),NON-NPC/IPP
LAKE MAINIT,HYDROELECTRIC,Run-of-River type HEPP,24.9,24.9,"Barangays Magdagooc and San Pablo Jabonga, Agusan Del Norte",125.48488,9.34927,13,MINDANAO,Agusan Power Corporation,Agusan Power Corporation,NON-NPC/IPP
AGUSAN,HYDROELECTRIC,Run-of-River type HEPP,1.6,1.6,"Barangay Damilag, M. Fortich, Bukidnon",124.80827,8.35905,10,MINDANAO,First Gen Bukidnon Power Corporation (FGBPC),First Gen Bukidnon Power Corporation (FGBPC),NON-NPC/IPP
TALOMO 1,HYDROELECTRIC,Run-of-River type HEPP,1.0,1.0,"Barangay Malogos, (Mintal), Davao City, Davao del Sur",125.42094,7.1738,11,MINDANAO,Hydro Electric Development Corporation (HEDCOR) Inc.,Hydro Electric Development Corporation (HEDCOR) Inc.,NON-NPC/IPP
TALOMO 2,HYDROELECTRIC,Run-of-River type HEPP,0.6,0.6,"Barangay Mintal, Davao City, Davao del Sur",125.50529,7.09242,11,MINDANAO,Hydro Electric Development Corporation (HEDCOR) Inc.,Hydro Electric Development Corporation (HEDCOR) Inc.,NON-NPC/IPP
TALOMO 2A,HYDROELECTRIC,Run-of-River type HEPP,0.7,0.7,"Tugbok, (Mintal), Davao City, Davao del Sur",125.49166,7.09606,11,MINDANAO,Hydro Electric Development Corporation (HEDCOR) Inc.,Hydro Electric Development Corporation (HEDCOR) Inc.,NON-NPC/IPP
TALOMO 2B,HYDROELECTRIC,Run-of-River type HEPP,0.3,0.3,"Upper Mintal Proper, Davao City, Davao del Sur",125.49578,7.09499,11,MINDANAO,Hydro Electric Development Corporation (HEDCOR) Inc.,Hydro Electric Development Corporation (HEDCOR) Inc.,NON-NPC/IPP
TALOMO 3,HYDROELECTRIC,Run-of-River type HEPP,1.9,1.9,"Catalunan Pequeño, (Mintal), Davao City, Davao del Sur",125.52371,7.08438,11,MINDANAO,Hydro Electric Development Corporation (HEDCOR) Inc.,Hydro Electric Development Corporation (HEDCOR) Inc.,NON-NPC/IPP
PANOON,HYDROELECTRIC,Run-of-River type HEPP,0.2,0.2,"Barangay Poblacion, Impasugong, Bukidnon",125.08286,8.38855,10,MINDANAO,"Gerphil Renewable Energy, Inc.","Gerphil Renewable Energy, Inc.",NON-NPC/IPP
NEW BATAAN HEPP,HYDROELECTRIC,Run-of-River type HEPP,3.2,3.0,"Barangay Andap, New Bataan, Compostela Valley",126.18752,7.52609,11,MINDANAO,"Euro Hydro Power (Asia) Holdings, Inc.","Euro Hydro Power (Asia) Holdings, Inc.",NON-NPC/IPP
TMI Hybrid Diesel-Battery System,ENERGY STORAGE SYSTEM (ESS),Hybrid (Diesel-Battery System),49.0,49.0,"Maco, Davao de Oro",125.85331,7.34983,11,MINDANAO,Therma Marine Inc.,Therma Marine Inc.,NON-NPC/IPP
MACO BESS,ENERGY STORAGE SYSTEM (ESS),Battery ESS,24.3,24.3,"Barangay Concepcion, Maco, Davao de Oro",125.85221,7.40181,11,MINDANAO,SMGP BESS Power Inc.,SMGP BESS Power Inc.,NON-NPC/IPP
MALITA BESS,ENERGY STORAGE SYSTEM (ESS),Battery ESS,22.8,22.8,"Barangay Culaman, Malita, Davao Occidental",125.61754,6.39331,11,MINDANAO,SMGP BESS Power Inc.,SMGP BESS Power Inc.,NON-NPC/IPP
JASAAN BESS,ENERGY STORAGE SYSTEM (ESS),Battery ESS,22.8,20.0,"Barangay Aplaya, Municipality of Jasaan, Province of Misamis Oriental",124.76693,8.60319,10,MINDANAO,SMGP BESS Power Inc.,SMGP BESS Power Inc.,NON-NPC/IPP
